pkg_id,app_name,category,installs,total_ratings,avg_rating,app_price_type,growth_30_days,growth_60_days
com.playmini.miniworld,Mini World: CREATA,GAME_ADVENTURE,100000000,2607715,4.11,Free,0.026,0.047
com.jb.gokeyboard,GO Keyboard Lite - Many Theme,PERSONALIZATION,100000000,2622188,4.43,Free,0.05,0.1
com.cricbuzz.android,Cricbuzz - Live Cricket Scores,SPORTS,100000000,2609453,4.35,Free,0.842,2.902
com.fungames.flightpilot,Flight Pilot: 3D Simulator,GAME_ROLE_PLAYING,100000000,2694295,4.17,Free,0.002,0.005
cris.org.in.prs.ima,IRCTC Rail Connect,TRAVEL_AND_LOCAL,100000000,2625765,3.62,Free,0.11,0.216
com.fungames.blockcraft,Block Craft 3D：Building Game,GAME_ARCADE,100000000,2620079,4.25,Free,0.334,0.618
com.outfit7.movingeye.swampattack,Swamp Attack,GAME_ACTION,100000000,2648449,4.57,Free,0.073,0.152
com.vectorunit.purple.googleplay,Beach Buggy Racing,GAME_RACING,100000000,2717395,4.47,Free,0.515,0.943
com.netmarble.mherosgb,MARVEL Future Fight,GAME_ROLE_PLAYING,100000000,2986581,3.92,Free,0.027,0.037
com.taxis99,99 - Private Driver and Taxi,MAPS_AND_NAVIGATION,100000000,2666108,4.21,Free,0.747,1.349
com.superking.parchisi.star,Parchisi STAR Online,GAME_BOARD,100000000,2831967,4.4,Free,0.374,0.746
com.openai.chatgpt,ChatGPT,PRODUCTIVITY,100000000,2702800,4.8,Free,21.029,46.17
com.yandex.browser,Yandex Browser with Protect,PERSONALIZATION,100000000,2641221,4.34,Free,0.524,1.112
com.creativemobile.DragRacing,Drag Racing,GAME_RACING,100000000,2680733,4.29,Free,7.162,14.323
com.xiaomi.hm.health,Zepp Life,HEALTH_AND_FITNESS,100000000,2734817,3.84,Free,0.014,0.029
com.zeptolab.ctr.ads,Cut the Rope,GAME_PUZZLE,100000000,2753430,4.48,Free,0.068,0.139
com.nu.production,"Nubank: conta, cartão e mais",FINANCE,100000000,3225085,4.36,Free,8.751,10.313
com.mojang.minecrafttrialpe,Minecraft Trial,GAME_ARCADE,100000000,3015079,4.0,Free,0.305,0.593
fb.video.downloader,Video Downloader For Facebook,TOOLS,100000000,3118599,4.14,Free,0.281,0.528
com.microblink.photomath,Photomath,EDUCATION,100000000,3046589,4.44,Free,0.063,0.18
com.king.bubblewitch3,Bubble Witch 3 Saga,GAME_PUZZLE,100000000,2695088,4.65,Free,0.068,0.141
br.gov.caixa.fgts.trabalhador,FGTS,FINANCE,100000000,2876479,3.45,Free,0.139,0.256
com.dubox.drive,TeraBox: Cloud Storage Space,TOOLS,100000000,2848271,4.51,Free,2.138,4.152
com.adobe.scan.android,"Adobe Scan: PDF Scanner, OCR",BUSINESS,100000000,2777940,4.75,Free,0.598,1.126
com.sandboxol.blockymods,Blockman Go,GAME_ARCADE,100000000,2769144,4.24,Free,0.271,0.563
com.neptune.domino,Higgs Games Island,GAME_BOARD,50000000,4737644,3.97,Free,0.183,0.34
com.myfitnesspal.android,MyFitnessPal: Calorie Counter,HEALTH_AND_FITNESS,100000000,2746177,4.26,Free,0.268,0.537
ru.ok.android,OK: Social Network,SOCIAL,100000000,2717990,3.96,Free,0.063,0.124
com.piriform.ccleaner,CCleaner – Phone Cleaner,TOOLS,100000000,2743771,4.6,Free,0.612,1.223
com.maxgames.stickwarlegacy,Stick War: Legacy,GAME_STRATEGY,100000000,2796278,4.71,Free,0.497,1.0
com.instabridge.android,Instabridge: WiFi Map,PRODUCTIVITY,100000000,2869471,4.16,Free,3.587,6.68
com.dvloper.granny,Granny,GAME_ARCADE,100000000,4079457,4.27,Free,0.473,0.521
com.maleo.bussimulatorid,Bus Simulator Indonesia,GAME_SIMULATION,100000000,3226140,4.12,Free,0.658,1.35
com.whatsapp.wallpaper,WhatsApp Wallpaper,PERSONALIZATION,100000000,3330003,4.3,Free,16.53,33.061
com.frontrow.vlog,VN - Video Editor & Maker,VIDEO_PLAYERS,100000000,3553330,4.72,Free,2.223,6.45
com.miniclip.footballstrike,Football Strike: Online Soccer,GAME_SPORTS,100000000,3323628,4.58,Free,0.756,1.562
com.bitstrips.imoji,Bitmoji,ENTERTAINMENT,100000000,3621888,4.62,Free,0.039,0.003
photoeditor.layout.collagemaker,Collage Maker | Photo Editor,PHOTOGRAPHY,100000000,3191038,4.91,Free,0.85,1.707
deezer.android.app,Deezer: Music & Podcast Player,MUSIC_AND_AUDIO,100000000,3399213,4.31,Free,0.451,0.914
com.biglime.cookingmadness,Cooking Madness: A Chef's Game,GAME_ARCADE,100000000,3105976,4.8,Free,0.378,0.665
com.global.foodpanda.android,foodpanda: food & groceries,FOOD_AND_DRINK,100000000,3282866,4.02,Free,0.46,0.935
com.midasplayer.apps.bubblewitchsaga2,Bubble Witch 2 Saga,GAME_CASUAL,100000000,2987761,4.59,Free,0.01,0.017
com.FDGEntertainment.redball4.gp,Red Ball 4,GAME_ARCADE,100000000,3147743,4.59,Free,0.785,1.142
com.yodo1.crossyroad,Crossy Road,GAME_ACTION,100000000,4544617,4.54,Free,0.047,0.096
net.peakgames.amy,Toy Blast,GAME_PUZZLE,100000000,3185454,4.65,Free,0.146,0.224
com.naturalmotion.customstreetracer2,CSR 2 Realistic Drag Racing,GAME_RACING,50000000,5042105,4.6,Free,0.191,0.433
com.olx.southasia,OLX: Buy & Sell Near You,SHOPPING,100000000,2938713,4.26,Free,0.398,0.761
net.wargaming.wot.blitz,World of Tanks Blitz,GAME_ACTION,100000000,4430536,4.03,Free,0.149,0.266
com.halo.wifikey.wifilocating,WiFi Master: WiFi Auto Connect,TOOLS,100000000,3265526,4.33,Free,0.119,0.229
com.teacapps.barcodescanner,QR & Barcode Reader,PRODUCTIVITY,100000000,2823323,4.57,Free,1.19,2.428
jp.garud.ssimulator,SAKURA School Simulator,GAME_SIMULATION,100000000,2891070,4.28,Free,0.719,1.345
com.adobe.lrmobile,Lightroom Photo & Video Editor,PHOTOGRAPHY,100000000,2768192,4.56,Free,1.719,3.568
com.weather.Weather,The Weather Channel - Radar,WEATHER,100000000,3077933,4.66,Free,0.452,0.868
videoeditor.videomaker.videoeditorforyoutube,Video Maker,VIDEO_PLAYERS,100000000,2791091,4.81,Free,0.543,1.11
free.tube.premium.advanced.tuber,Pure Tuber: Video & MP3 Player,VIDEO_PLAYERS,100000000,2885643,3.97,Free,1.04,1.967
home.solo.launcher.free,"Solo Launcher-Clean,Smooth,DIY",PERSONALIZATION,100000000,2814105,4.37,Free,16.956,33.912
br.gov.serpro.cnhe,Carteira Digital de Trânsito,TOOLS,50000000,4944088,4.73,Free,2.196,4.32
com.gameloft.android.ANMP.GloftA9HM,Asphalt Legends Unite,GAME_RACING,100000000,2779255,4.42,Free,0.349,0.565
com.mojang.minecraftpe,Minecraft,GAME_ARCADE,50000000,5061114,4.44,$6.99,0.735,1.661
ru.mail.mailapp,Mail.ru - Email App,COMMUNICATION,100000000,3219136,4.65,Free,1.118,2.233
com.zeptolab.cats.google,CATS: Crash Arena Turbo Stars,GAME_ACTION,100000000,2818155,4.33,Free,0.06,0.082
com.topfreegames.bikeracefreeworld,Bike Race：Motorcycle Games,GAME_RACING,100000000,3103769,4.46,Free,0.037,0.087
com.pandora.android,Pandora - Music & Podcasts,MUSIC_AND_AUDIO,100000000,3404676,3.95,Free,0.027,0.054
com.camerasideas.trimmer,YouCut - Video Editor & Maker,VIDEO_PLAYERS,100000000,7325837,4.84,Free,0.742,1.334
com.discord,"Discord - Talk, Play, Hang Out",COMMUNICATION,100000000,5829814,3.13,Free,1.03,2.351
com.lockwoodpublishing.avakinlife,Avakin Life - 3D Virtual World,GAME_ROLE_PLAYING,100000000,3387365,4.02,Free,0.064,0.113
com.naver.linewebtoon,WEBTOON,COMICS,100000000,3605359,4.68,Free,1.096,2.229
air.com.lunime.gachalife,Gacha Life,GAME_CASUAL,100000000,3807705,4.43,Free,0.142,0.027
com.csam.icici.bank.imobile,"iMobile Pay: Loan, Banking App",FINANCE,50000000,5734526,4.39,Free,1.035,2.056
com.nekki.vector,Vector,GAME_ARCADE,100000000,3685549,4.47,Free,0.168,0.362
com.playrix.fishdomdd.gplay,Fishdom,GAME_PUZZLE,100000000,6477830,4.57,Free,0.365,0.634
com.jrzheng.supervpnfree,SuperVPN Fast VPN Client,TOOLS,100000000,4271224,4.56,Free,4.165,5.798
co.brainly,Brainly: AI Homework Helper,EDUCATION,100000000,3835875,4.46,Free,1.451,3.108
tv.twitch.android.app,Twitch: Live Game Streaming,ENTERTAINMENT,100000000,5431568,4.31,Free,0.261,0.536
com.ea.game.simpsons4_row,The Simpsons™:  Tapped Out,GAME_CASUAL,100000000,4082566,4.22,Free,0.007,0.0
com.ea.games.simsfreeplay_row,The Sims™ FreePlay,GAME_SIMULATION,100000000,5795057,4.13,Free,0.103,0.069
com.ForgeGames.SpecialForcesGroup2,Special Forces Group 2,GAME_ACTION,100000000,4004578,4.38,Free,0.216,0.3
com.jio.jioplay.tv,"JioTV: Live TV, Catch-Up & OTT",ENTERTAINMENT,100000000,3881926,4.16,Free,0.135,0.255
com.outfit7.talkingtom2free,Talking Tom Cat 2,ENTERTAINMENT,100000000,3420009,4.3,Free,0.204,0.411
com.playgendary.kickthebuddy,Kick the Buddy－Fun Action Game,GAME_ACTION,100000000,3515793,4.21,Free,0.054,0.098
com.garena.game.kgvn,Garena Liên Quân Mobile,GAME_ACTION,50000000,6225122,3.86,Free,0.616,1.025
com.melesta.coffeeshop,My Cafe — Restaurant Game,GAME_CASUAL,100000000,4482199,4.54,Free,0.005,0.012
com.pixel.art.coloring.color.number,Happy Color®: Coloring Book,GAME_BOARD,100000000,3507504,4.62,Free,0.417,0.764
com.einnovation.temu,Temu: Shop Like a Billionaire,SHOPPING,100000000,4253119,4.61,Free,9.564,20.65
com.reddit.frontpage,Reddit,SOCIAL,100000000,3182676,4.05,Free,2.127,2.79
com.daraz.android,Daraz Online Shopping App,SHOPPING,100000000,3594493,4.17,Free,0.778,0.839
com.pixonic.wwr,War Robots Multiplayer Battles,GAME_ACTION,100000000,4889016,4.27,Free,0.227,0.482
vsin.t16_funny_photo,Photo Lab Picture Editor & Art,PHOTOGRAPHY,100000000,5780736,4.47,Free,1.292,2.777
com.opera.browser,Opera browser with AI,COMMUNICATION,100000000,4710179,4.64,Free,0.444,0.872
com.google.android.apps.kids.familylink,Google Family Link,TOOLS,100000000,3296434,4.59,Free,2.571,5.265
com.shopee.ph,Shopee PH: Shop this 8.8,SHOPPING,100000000,3381039,4.07,Free,1.291,2.351
com.motorola.help,Moto Feedback,TOOLS,500000000,47554,3.85,Free,2.024,3.932
com.joom,Joom. Shopping for every day,SHOPPING,100000000,3607957,4.43,Free,0.101,0.218
com.miniclip.plagueinc,Plague Inc.,GAME_SIMULATION,100000000,3886100,4.68,Free,0.138,0.288
com.kabam.marvelbattle,Marvel Contest of Champions,GAME_ACTION,100000000,3205942,4.25,Free,0.02,0.034
com.nordcurrent.canteenhd,Cooking Fever: Restaurant Game,GAME_ARCADE,100000000,4983723,4.39,Free,0.071,0.145
com.kitkagames.fallbuddies,Stumble Guys,GAME_ACTION,100000000,5996745,4.27,Free,0.834,1.579
com.popularapp.periodcalendar,Period Calendar Period Tracker,HEALTH_AND_FITNESS,100000000,4585937,4.87,Free,0.316,0.591
com.socialnmobile.dictapps.notepad.color.note,ColorNote Notepad Notes,PRODUCTIVITY,100000000,3776430,4.87,Free,0.271,0.521
com.amazon.kindle,Amazon Kindle,BOOKS_AND_REFERENCE,100000000,3807923,4.73,Free,1.079,2.14
com.craftsman.go,Craftsman: Building Craft,GAME_SIMULATION,100000000,3391307,3.76,Free,0.839,0.749
com.joeware.android.gpulumera,Candy Camera - photo editor,PHOTOGRAPHY,100000000,3485394,4.47,Free,38.133,76.267
com.ixigo.train.ixitrain,ixigo Trains: Ticket Booking,TRAVEL_AND_LOCAL,100000000,3134678,4.57,Free,0.768,1.44
com.amazon.mp3,Amazon Music: Songs & Podcasts,MUSIC_AND_AUDIO,100000000,3128934,3.33,Free,0.389,0.663
app.source.getcontact,Getcontact,COMMUNICATION,100000000,3316153,3.9,Free,1.727,3.138
com.kakao.talk,KakaoTalk : Messenger,COMMUNICATION,100000000,3171251,4.06,Free,0.068,0.12
com.episodeinteractive.android.catalog,Episode - Choose Your Story,GAME_SIMULATION,100000000,4198218,4.28,Free,0.183,0.402
com.shopee.id,8.8 Shopee Live Maraton,SHOPPING,100000000,14479007,4.34,Free,1.115,2.188
com.gameloft.android.ANMP.GloftDOHM,Dragon Mania Legends,GAME_ADVENTURE,100000000,3002273,4.44,Free,0.07,0.123
com.heytap.pictorial,Lock Screen Magazine,TOOLS,500000000,62562,3.85,Free,5.348,10.927
com.smule.singandroid,Smule: Karaoke Songs & Videos,MUSIC_AND_AUDIO,100000000,4129003,3.85,Free,0.061,0.153
com.rsupport.mvagent,Mobizen Screen Recorder,PRODUCTIVITY,100000000,3329566,4.23,Free,0.068,0.126
io.wifimap.wifimap,"WiFi Map®: Internet, eSIM, VPN",PRODUCTIVITY,100000000,2888972,4.46,Free,0.695,1.449
com.avito.android,"Авито: квартиры, авто, работа",SHOPPING,100000000,3160736,3.64,Free,0.489,1.093
com.dreamgames.royalmatch,Royal Match,GAME_PUZZLE,100000000,6521144,4.63,Free,3.622,7.8
com.billiards.city.pool.nation.club,Pooking - Billiards City,GAME_SPORTS,100000000,3526063,4.55,Free,0.216,0.376
com.starmakerinteractive.starmaker,StarMaker: Sing Karaoke Songs,MUSIC_AND_AUDIO,100000000,3651509,4.34,Free,0.537,1.14
com.nexstreaming.app.kinemasterfree,KineMaster-Video Editor&Maker,VIDEO_PLAYERS,100000000,5785358,4.22,Free,0.314,0.633
com.tocaboca.tocalifeworld,Toca Boca World,GAME_EDUCATIONAL,100000000,5854413,4.23,Free,0.856,1.918
com.intsig.camscanner,"CamScanner- scanner, PDF maker",PRODUCTIVITY,100000000,4701122,4.79,Free,0.386,0.77
com.mventus.selfcare.activity,"Vi: Recharge, Payments & Games",PRODUCTIVITY,100000000,4473405,4.61,Free,1.82,3.83
com.squareup.cash,Cash App,FINANCE,100000000,3159834,4.62,Free,1.391,2.665
com.jb.gosms,"GO SMS Pro - Messenger, Free T",COMMUNICATION,100000000,2928100,4.2,Free,0.0,0.0
org.iggymedia.periodtracker,Flo Period & Pregnancy Tracker,HEALTH_AND_FITNESS,100000000,3693845,4.68,Free,2.574,4.198
com.adobe.reader,Adobe Acrobat Reader: Edit PDF,PRODUCTIVITY,500000000,6520417,4.57,Free,0.751,1.553
com.tumblr,"Tumblr—Fandom, Art, Chaos",SOCIAL,100000000,3707585,4.0,Free,0.003,0.006
com.sh.smart.caller,SmartCaller-Intelligence Calle,COMMUNICATION,500000000,54864,4.32,Free,2.922,6.307
com.bbk.theme,Themes,ENTERTAINMENT,1000000000,122599,4.16,Free,3.244,6.481
com.nekki.shadowfight,Shadow Fight 2,GAME_ACTION,100000000,16447439,4.63,Free,0.178,0.36
com.rioo.runnersubway,Subway Princess Runner,GAME_ARCADE,500000000,1707640,4.17,Free,0.93,1.904
videoeditor.videorecorder.screenrecorder,Screen Recorder - XRecorder,VIDEO_PLAYERS,100000000,7070125,4.76,Free,0.566,1.147
com.shopee.br,Shopee: 8.8 Liquidação,SHOPPING,100000000,5155337,4.77,Free,2.008,3.868
com.dywx.larkplayer,Lark Player:Music Player & MP3,MUSIC_AND_AUDIO,100000000,4004484,4.5,Free,1.348,2.659
com.halfbrick.jetpackjoyride,Jetpack Joyride,GAME_ARCADE,100000000,4927465,4.44,Free,0.001,0.001
com.offline.bible,Bible Offline-KJV Holy Bible,BOOKS_AND_REFERENCE,50000000,7109660,4.82,Free,2.273,4.906
com.robtopx.geometryjumplite,Geometry Dash Lite,GAME_ARCADE,100000000,7576483,4.32,Free,0.167,0.341
com.outfit7.talkingtom,Talking Tom Cat,GAME_CASUAL,500000000,2766669,4.01,Free,0.713,1.495
com.disney.disneyplus,Disney+,ENTERTAINMENT,100000000,4027394,4.41,Free,2.059,2.833
com.cyberlink.youcammakeup,YouCam Makeup - Selfie Editor,PHOTOGRAPHY,100000000,4174039,4.32,Free,0.023,0.012
com.ea.game.pvz2_row,Plants vs Zombies™ 2,GAME_CASUAL,100000000,7497268,4.39,Free,0.057,0.111
com.soundcloud.android,SoundCloud: Play Music & Songs,MUSIC_AND_AUDIO,100000000,6944455,4.68,Free,0.598,1.208
com.application.zomato,Zomato: Food Delivery & Dining,FOOD_AND_DRINK,100000000,9650026,4.51,Free,1.0,2.049
com.telkomsel.telkomselcm,MyTelkomsel - Buy Package,TOOLS,100000000,10697086,3.94,Free,0.578,1.219
com.gau.go.launcherex,GO Launcher -Themes&Wallpapers,PERSONALIZATION,100000000,7526241,4.48,Free,8.358,16.716
com.bradesco,"Bradesco: Conta, Cartão e Pix!",FINANCE,100000000,4663322,4.51,Free,1.151,2.388
com.fugo.wow,Words of Wonders: Crossword,GAME_WORD,100000000,4797101,4.85,Free,1.956,4.031
com.miHoYo.GenshinImpact,Genshin Impact,GAME_ADVENTURE,100000000,4676470,3.61,Free,0.164,0.327
com.king.candycrushsodasaga,Candy Crush Soda Saga,GAME_CASUAL,500000000,8893887,4.61,Free,0.006,0.009
eu.nordeus.topeleven.android,Top Eleven Be a Soccer Manager,GAME_SPORTS,100000000,6731307,4.52,Free,0.419,0.837
com.venticake.retrica,Retrica,PHOTOGRAPHY,100000000,6163197,4.48,Free,0.001,0.002
io.faceapp,FaceApp: Perfect Face Editor,PHOTOGRAPHY,500000000,5123624,4.34,Free,0.323,0.667
com.tinder,Tinder Dating App: Chat & Date,DATING,100000000,7305374,3.61,Free,1.301,2.6
com.google.android.apps.youtube.kids,YouTube Kids,ENTERTAINMENT,500000000,2808614,4.25,Free,0.904,1.766
com.fingersoft.hcr2,Hill Climb Racing 2,GAME_RACING,100000000,4618421,4.49,Free,0.122,0.288
com.oplus.games,Games,ENTERTAINMENT,500000000,51448,3.9,Free,2.224,4.13
com.unicostudio.braintest,Brain Test: Tricky Puzzles,GAME_TRIVIA,100000000,7938254,4.71,Free,1.446,2.892
com.sgiggle.production,"Tango- Live Stream, Video Chat",SOCIAL,100000000,4595598,4.36,Free,0.753,1.408
com.walmart.android,Walmart: Shopping & Savings,SHOPPING,100000000,4800313,4.7,Free,1.768,3.604
com.google.android.apps.accessibility.voiceaccess,Voice Access,TOOLS,500000000,113354,3.79,Free,3.505,7.037
musicplayer.musicapps.music.mp3player,Music Player & MP3 Player,MUSIC_AND_AUDIO,100000000,3613944,4.78,Free,1.044,1.99
com.gameloft.android.ANMP.GloftM5HM,Modern Combat 5: mobile FPS,GAME_ACTION,100000000,4107369,4.57,Free,0.247,0.505
com.google.android.apps.navlite,Navigation for Google Maps Go,TRAVEL_AND_LOCAL,500000000,367953,4.29,Free,0.231,0.485
com.playrix.homescapes,Homescapes,GAME_CASUAL,100000000,12641684,4.72,Free,0.251,0.504
com.gameloft.android.ANMP.GloftGGHM,Gangstar Vegas: World of Crime,GAME_ACTION,100000000,6809195,4.34,Free,0.119,0.24
jp.konami.pesam,eFootball™ 2024,GAME_SPORTS,100000000,13839527,2.8,Free,0.389,1.522
com.etermax.preguntados.lite,Trivia Crack,GAME_TRIVIA,100000000,7959861,4.44,Free,0.062,0.144
photo.editor.photoeditor.photoeditorpro,AI Photo Editor - Polish,PHOTOGRAPHY,100000000,4312334,4.85,Free,0.574,1.222
zombie.survival.craft.z,Last Day on Earth: Survival,GAME_ACTION,100000000,4642532,4.37,Free,0.143,0.266
com.coloros.alarmclock,Clock,TOOLS,500000000,11553,4.5,Free,10.404,22.981
com.miniclip.agar.io,Agar.io,GAME_ACTION,100000000,4182582,3.85,Free,0.083,0.157
com.outfit7.mytalkingangelafree,My Talking Angela,GAME_CASUAL,500000000,14056492,3.93,Free,0.089,0.175
in.swiggy.android,Swiggy: Food Instamart Dineout,FOOD_AND_DRINK,100000000,8055983,4.33,Free,0.512,1.196
com.lbe.parallel.intl,Parallel Space - app cloning,PERSONALIZATION,100000000,5067711,4.2,Free,0.091,0.179
com.supercell.boombeach,Boom Beach,GAME_STRATEGY,100000000,6269768,4.44,Free,0.051,0.118
com.movile.playkids.pkxd,"PK XD: Fun, friends & games",GAME_ADVENTURE,100000000,5386202,4.65,Free,1.053,1.871
in.startv.hotstar,Disney+ Hotstar,ENTERTAINMENT,500000000,11818301,3.95,Free,0.26,0.857
sg.bigo.live,Bigo Live - Live Streaming App,SOCIAL,500000000,5920640,4.47,Free,0.571,1.115
com.wildspike.wormszone,Worms Zone .io - Hungry Snake,GAME_ACTION,500000000,3011299,4.2,Free,0.294,0.602
com.antivirus,AVG AntiVirus & Security,TOOLS,100000000,7864286,4.71,Free,0.118,0.192
homeworkout.homeworkouts.noequipment,Home Workout - No Equipment,HEALTH_AND_FITNESS,100000000,3365208,4.9,Free,1.335,2.621
com.heytap.music,Music,MUSIC_AND_AUDIO,500000000,70401,3.17,Free,5.591,11.982
com.digidust.elokence.akinator.freemium,Akinator,ENTERTAINMENT,100000000,4513596,4.63,Free,0.539,0.491
com.ubercab.driver,Uber - Driver: Drive & Deliver,BUSINESS,100000000,4225070,4.57,Free,0.979,2.333
com.samsung.android.email.provider,Samsung Email,PRODUCTIVITY,1000000000,2410391,4.43,Free,0.266,0.527
com.imangi.templerun,Temple Run,GAME_ARCADE,500000000,5280775,4.17,Free,0.056,0.127
ee.mtakso.client,Bolt: Request a Ride,MAPS_AND_NAVIGATION,100000000,6490916,4.74,Free,2.199,4.453
com.uc.browser.en,UC Mini-Download Video Status ,COMMUNICATION,100000000,4879501,4.28,Free,0.024,0.059
com.badoo.mobile,Badoo Dating App: Meet & Date,DATING,100000000,6453224,4.06,Free,0.25,0.474
com.h8games.helixjump,Helix Jump,GAME_ACTION,100000000,4188724,3.88,Free,35.638,71.275
com.amazon.dee.app,Amazon Alexa,LIFESTYLE,100000000,4050057,4.28,Free,2.118,3.955
com.yy.hiyo,"Hago- Party, Chat & Games",SOCIAL,100000000,6363562,4.24,Free,0.043,0.091
com.jio.media.jiobeats,JioSaavn - Music & Podcasts,MUSIC_AND_AUDIO,100000000,6098718,3.99,Free,0.592,1.245
com.supercell.hayday,Hay Day,GAME_CASUAL,100000000,13108506,4.33,Free,0.084,0.22
com.flipkart.shopsy,Shopsy Shopping App - Flipkart,SHOPPING,100000000,11273317,4.08,Free,2.406,4.788
com.google.android.apps.wallpaper,Wallpapers,PERSONALIZATION,500000000,255051,4.02,Free,0.667,1.283
com.motorola.actions,Moto Actions,PERSONALIZATION,500000000,117358,3.97,Free,0.4,0.708
com.pure.indosat.care,myIM3: Data Plan & Buy Package,TOOLS,50000000,9292274,4.34,Free,0.363,0.818
com.nekki.shadowfight3,Shadow Fight 3 - RPG fighting,GAME_ROLE_PLAYING,100000000,4206036,4.57,Free,0.412,0.902
com.gojek.app,Gojek - Food & Transportation,TRAVEL_AND_LOCAL,100000000,5993733,4.34,Free,0.691,1.361
com.ea.game.simcitymobile_row,SimCity BuildIt,GAME_SIMULATION,100000000,5498945,4.25,Free,0.09,0.036
wp.wattpad,Wattpad - Read & Write Stories,BOOKS_AND_REFERENCE,100000000,4890637,4.11,Free,0.426,0.709
com.samsung.android.app.watchmanager,Galaxy Wearable (Samsung Gear),TOOLS,500000000,1721715,3.83,Free,0.215,0.42
com.igg.castleclash,Castle Clash: World Ruler,GAME_STRATEGY,100000000,5118597,4.13,Free,0.021,0.041
com.facebook.pages.app,Meta Business Suite,BUSINESS,100000000,3956498,4.49,Free,1.287,2.672
com.motorola.fmplayer,FM Radio,MUSIC_AND_AUDIO,500000000,116719,3.75,Free,0.449,0.83
com.paypal.android.p2pmobile,"PayPal - Send, Shop, Manage",FINANCE,100000000,3245638,4.26,Free,0.595,1.197
com.whereismytrain.android,Where is my Train,TRAVEL_AND_LOCAL,100000000,4353263,4.26,Free,0.959,1.874
net.zedge.android,Zedge™ Wallpapers & Ringtones,PERSONALIZATION,500000000,15154793,4.67,Free,0.839,1.689
com.skgames.trafficracer,Traffic Racer,GAME_RACING,100000000,6323537,4.52,Free,0.045,0.085
com.kwai.bulldog,SnackVideo,VIDEO_PLAYERS,100000000,8417777,4.49,Free,0.056,0.115
com.moonactive.coinmaster,Coin Master,GAME_CASUAL,100000000,9655326,4.72,Free,0.438,0.822
com.gamedevltd.wwh,World War Heroes — WW2 PvP FPS,GAME_ACTION,100000000,3253773,4.5,Free,0.239,0.572
com.xvideostudio.videoeditor,Video Editor & Maker VideoShow,VIDEO_PLAYERS,100000000,5977387,4.55,Free,0.051,0.098
com.audiomack,Audiomack: Music Downloader,MUSIC_AND_AUDIO,100000000,4924189,4.76,Free,2.688,5.206
com.rovio.baba,Angry Birds 2,GAME_CASUAL,100000000,6233469,4.21,Free,0.057,0.109
com.coloros.phonemanager,Phone Manager,TOOLS,500000000,27516,3.8,Free,11.322,29.415
com.sec.android.app.music,Samsung Music,MUSIC_AND_AUDIO,1000000000,779954,3.85,Free,0.193,0.408
com.fluffyfairygames.idleminertycoon,Idle Miner Tycoon: Gold & Cash,GAME_SIMULATION,100000000,5176106,4.51,Free,0.6,1.172
com.bigwinepot.nwdn.international,Remini - AI Photo Enhancer,PHOTOGRAPHY,100000000,4062780,4.04,Free,2.815,5.932
com.motorola.motodisplay,Moto Display,TOOLS,500000000,110653,4.07,Free,0.268,0.526
com.fgol.HungrySharkEvolution,Hungry Shark Evolution,GAME_ARCADE,500000000,7568259,4.46,Free,0.106,0.218
com.mediocre.smashhit,Smash Hit,GAME_ARCADE,100000000,4712399,4.45,Free,0.027,0.057
com.myntra.android,Myntra - Fashion Shopping App,SHOPPING,100000000,4528878,4.37,Free,0.602,1.291
com.taxsee.taxsee,maxim — order a taxi & food,AUTO_AND_VEHICLES,50000000,5386217,4.62,Free,2.202,4.418
com.ismaker.android.simsimi,SimSimi,ENTERTAINMENT,100000000,4190025,4.29,Free,0.073,0.181
org.mozilla.firefox,Firefox Fast & Private Browser,COMMUNICATION,100000000,5492058,4.57,Free,0.676,1.302
com.ea.game.nfs14_row,Need for Speed™ No Limits,GAME_RACING,100000000,5138326,4.43,Free,0.179,0.223
com.king.petrescuesaga,Pet Rescue Saga,GAME_CASUAL,100000000,3492288,4.48,Free,0.0,0.0
com.kms.free,VPN & Antivirus by Kaspersky,TOOLS,100000000,4247295,4.68,Free,0.252,0.611
com.google.android.apps.walletnfcrel,Google Wallet,FINANCE,500000000,1647313,4.38,Free,1.251,3.637
com.mercadopago.wallet,Mercado Pago: cuenta digital,FINANCE,100000000,8140379,4.73,Free,2.718,5.123
vStudio.Android.Camera360,Camera360 :Photo Editor&Selfie,PHOTOGRAPHY,100000000,5027390,4.46,Free,0.003,0.005
com.mind.quiz.brain.out,Brain Out: Can you pass it?,GAME_PUZZLE,100000000,5753095,4.49,Free,0.159,0.297
com.devuni.flashlight,Tiny Flashlight + LED,TOOLS,100000000,4261966,4.58,Free,0.002,0.004
com.appsomniacs.da2,Mini Militia - War.io,GAME_ACTION,100000000,3823546,4.13,Free,0.262,0.435
br.com.brainweb.ifood,iFood comida e mercado em casa,FOOD_AND_DRINK,100000000,13230668,4.62,Free,0.039,0.023
com.mi.globalminusscreen,App Vault,TOOLS,500000000,115459,4.69,Free,10.33,26.317
com.bsbportal.music,"Wynk Music: MP3, Song, Podcast",MUSIC_AND_AUDIO,100000000,5916476,4.33,Free,0.351,0.736
com.samsung.memorysaver,Storage Saver,TOOLS,500000000,43910,4.38,Free,0.905,1.716
com.motorola.ccc.ota,Motorola Update Services,TOOLS,500000000,340269,3.94,Free,0.315,0.622
com.pixel.gun3d,Pixel Gun 3D - FPS Shooter,GAME_ACTION,100000000,5789273,4.17,Free,0.074,0.156
com.wildberries.ru,Wildberries,SHOPPING,100000000,5939709,4.76,Free,3.489,7.153
id.dana,DANA Indonesia Digital Wallet,FINANCE,100000000,6578142,4.06,Free,2.77,5.244
com.sec.android.easyMover,Samsung Smart Switch Mobile,TOOLS,500000000,403055,3.92,Free,1.207,2.396
com.ril.ajio,AJIO Online Shopping App,SHOPPING,100000000,4933358,4.26,Free,1.251,2.864
com.radio.pocketfm,Pocket FM: Audio Series,MUSIC_AND_AUDIO,100000000,3301986,4.53,Free,1.994,3.883
com.os.airforce,1945 Air Force: Airplane games,GAME_ARCADE,100000000,3842316,4.77,Free,0.741,1.469
me.pou.app,Pou,GAME_CASUAL,500000000,11995276,4.33,Free,0.053,0.094
com.ebay.mobile,eBay online shopping & selling,SHOPPING,100000000,4787997,4.7,Free,0.284,0.556
com.google.android.keep,Google Keep - Notes and Lists,PRODUCTIVITY,1000000000,1596712,4.13,Free,0.471,0.932
com.sec.spp.push,Samsung Push Service,COMMUNICATION,5000000000,1508771,3.81,Free,0.339,0.663
com.samsung.android.voc,Samsung Members,TOOLS,1000000000,1624219,4.54,Free,0.766,1.886
com.sega.sonicdash,Sonic Dash - Endless Running,GAME_ARCADE,100000000,6341457,4.65,Free,0.175,0.337
flipboard.app,Flipboard: The Social Magazine,NEWS_AND_MAGAZINES,500000000,1421490,3.59,Free,0.0,0.001
com.supercell.clashofclans,Clash of Clans,GAME_STRATEGY,500000000,61169579,4.51,Free,0.135,0.089
com.truecaller,Truecaller: AI Call Blocker,COMMUNICATION,1000000000,22233068,4.41,Free,1.324,3.899
com.microsoft.office.excel,Microsoft Excel: Spreadsheets,PRODUCTIVITY,1000000000,5999065,4.78,Free,1.98,3.881
com.tencent.ig,PUBG MOBILE,GAME_ACTION,500000000,45893582,4.25,Free,0.285,0.901
com.samsung.android.scloud,Samsung Cloud for Wear OS,PRODUCTIVITY,1000000000,2070,4.29,Free,3.038,5.467
com.sec.android.app.clockpackage,Clock,TOOLS,1000000000,277788,4.14,Free,1.159,2.729
com.google.android.apps.docs.editors.docs,Google Docs,PRODUCTIVITY,1000000000,1817801,4.09,Free,0.205,0.414
com.whatsapp.w4b,WhatsApp Business,COMMUNICATION,1000000000,13959612,4.4,Free,1.339,2.592
com.playrix.township,Township,GAME_CASUAL,100000000,11300255,4.74,Free,0.702,1.317
com.coloros.weather.service,WeatherService,WEATHER,500000000,25168,3.73,Free,12.0,27.701
com.google.android.apps.mapslite,Google Maps Go,TRAVEL_AND_LOCAL,500000000,298688,4.29,Free,0.964,1.903
com.tokopedia.tkpd,Tokopedia Guncang 8.8,SHOPPING,100000000,6973332,4.49,Free,0.502,0.976
br.com.gabba.Caixa,CAIXA,FINANCE,100000000,4396632,4.58,Free,1.154,2.309
com.motorola.timeweatherwidget,Moto Widget,TOOLS,500000000,47186,4.03,Free,1.516,2.895
com.activision.callofduty.shooter,Call of Duty: Mobile Season 7,GAME_ACTION,100000000,16031186,4.29,Free,0.124,0.105
com.linecorp.b612.android,B612 AI Photo&Video Editor,PHOTOGRAPHY,500000000,7445490,4.26,Free,0.017,0.032
com.duolingo,Duolingo: Language Lessons,EDUCATION,500000000,25956411,4.7,Free,2.729,5.718
com.google.android.apps.tachyon,Google Meet,COMMUNICATION,5000000000,10980557,4.53,Free,0.483,0.943
com.amazon.avod.thirdpartyclient,Amazon Prime Video,ENTERTAINMENT,500000000,4457454,3.95,Free,1.408,2.416
com.sec.android.app.voicenote,Samsung Voice Recorder,TOOLS,1000000000,256075,4.1,Free,0.726,1.41
com.google.android.dialer,Phone by Google,TOOLS,1000000000,30433450,4.42,Free,2.513,5.06
com.coloros.scenemode,Simple mode,TOOLS,500000000,7676,3.67,Free,13.593,30.73
com.alibaba.aliexpresshd,AliExpress,SHOPPING,500000000,15355876,4.48,Free,0.671,1.36
com.google.android.googlequicksearchbox,Google,TOOLS,10000000000,26830231,4.21,Free,0.08,0.37
com.viber.voip,Rakuten Viber Messenger,COMMUNICATION,1000000000,16750666,4.32,Free,0.153,0.252
com.microsoft.office.onenote,Microsoft OneNote: Save Notes,PRODUCTIVITY,500000000,1281042,4.66,Free,0.951,1.989
com.fingersoft.hillclimb,Hill Climb Racing,GAME_RACING,1000000000,10853216,4.42,Free,0.067,0.166
com.google.android.contacts,Contacts,COMMUNICATION,1000000000,1439267,4.35,Free,1.395,2.775
com.google.android.apps.nbu.paisa.user,Google Pay: Save and Pay,FINANCE,1000000000,10375800,4.0,Free,0.399,0.739
com.meesho.supply,Meesho: Online Shopping App,SHOPPING,500000000,4247947,4.15,Free,1.509,2.959
es.socialpoint.DragonCity,Dragon City: Mobile Adventure,GAME_SIMULATION,100000000,10210997,4.66,Free,0.41,0.886
com.amanotes.beathopper,Tiles Hop EDM Rush Music Game,GAME_MUSIC,500000000,3286237,4.24,Free,0.182,0.045
com.coloros.weather2,Weather,WEATHER,500000000,33800,4.38,Free,6.801,14.935
com.mi.android.globalFileexplorer,File Manager,TOOLS,1000000000,4157006,4.64,Free,0.299,0.611
com.dsi.ant.service.socket,ANT Radio Service,COMMUNICATION,1000000000,383550,3.43,Free,0.176,0.218
com.google.android.apps.photos,Google Photos,PHOTOGRAPHY,10000000000,50321262,4.46,Free,0.295,0.592
com.ansangha.drdriving,Dr. Driving,GAME_RACING,500000000,6503437,4.35,Free,0.079,0.121
com.commsource.beautyplus,BeautyPlus-AI Photo/Video Edit,PHOTOGRAPHY,100000000,5030654,4.49,Free,0.153,0.312
com.gaana,"Gaana Music: Mp3 Song, Radio",MUSIC_AND_AUDIO,100000000,5131345,4.35,Free,0.004,0.009
com.miui.calculator,Calculator,TOOLS,1000000000,355954,4.22,Free,0.121,0.242
com.coloros.filemanager,My Files,TOOLS,500000000,18087,4.0,Free,8.645,18.101
com.google.android.apps.subscriptions.red,Google One,PRODUCTIVITY,1000000000,619378,4.21,Free,1.867,3.695
com.google.android.ims,Carrier Services,COMMUNICATION,5000000000,1632110,4.23,Free,1.052,2.069
com.google.android.apps.meetings,Google Meet (original),BUSINESS,500000000,2202970,4.05,Free,0.006,0.012
flipboard.boxer.app,Briefing,NEWS_AND_MAGAZINES,1000000000,740433,3.18,Free,0.087,0.156
com.tencent.mm,WeChat,COMMUNICATION,100000000,6214007,3.02,Free,0.056,0.115
com.zhiliaoapp.musically.go,TikTok Lite - Save Data,SOCIAL,1000000000,7954377,4.53,Free,2.187,4.191
com.google.android.apps.maps,Google Maps,TRAVEL_AND_LOCAL,10000000000,18083651,3.91,Free,0.496,1.025
com.dropbox.android,Dropbox: Secure Cloud Storage,PRODUCTIVITY,1000000000,2290526,4.37,Free,0.115,0.202
com.miui.videoplayer,Mi Video - Video player,ENTERTAINMENT,1000000000,975616,4.5,Free,1.198,2.366
com.xiaomi.calendar,Mi Calendar,PRODUCTIVITY,1000000000,144537,4.13,Free,1.783,3.54
com.outfit7.mytalkingtomfriends,My Talking Tom Friends,GAME_CASUAL,500000000,3697369,4.24,Free,0.903,2.23
com.google.android.apps.wellbeing,Digital Wellbeing,TOOLS,5000000000,1048381,3.76,Free,1.492,2.947
com.google.android.apps.adm,Google Find My Device,TOOLS,500000000,1335264,4.31,Free,0.814,1.578
com.psafe.msuite,dfndr security: antivirus,TOOLS,100000000,6066696,4.35,Free,0.005,0.01
com.sec.android.app.sbrowser,Samsung Internet Browser,COMMUNICATION,1000000000,5773158,3.69,Free,0.103,0.23
com.xiaomi.midrop,ShareMe: File sharing,TOOLS,1000000000,2123196,4.54,Free,0.822,1.617
in.mohalla.sharechat,ShareChat Trends Videos & Live,SOCIAL,500000000,3839069,4.12,Free,0.21,0.363
ru.yandex.taxi,Yandex Go: Taxi Food Delivery,MAPS_AND_NAVIGATION,100000000,11059214,0.0,Free,1.691,3.586
com.sec.android.app.launcher,Samsung One UI Home,PERSONALIZATION,1000000000,323397,3.81,Free,0.26,0.533
com.google.android.gm.lite,Gmail Go,COMMUNICATION,500000000,146163,4.35,Free,0.462,0.951
com.shazam.android,Shazam: Find Music & Concerts,MUSIC_AND_AUDIO,500000000,10280287,4.83,Free,0.95,1.908
com.google.ar.lens,Google Lens,TOOLS,1000000000,2338286,4.65,Free,1.151,2.336
com.king.candycrushsaga,Candy Crush Saga,GAME_CASUAL,1000000000,37767916,4.6,Free,0.288,0.557
net.mobigame.zombietsunami,Zombie Tsunami,GAME_ARCADE,500000000,6169919,4.37,Free,0.042,0.081
com.transsion.carlcare,Carlcare,PRODUCTIVITY,500000000,208799,4.41,Free,1.668,3.353
com.zhiliaoapp.musically,TikTok,SOCIAL,1000000000,63345201,4.19,Free,0.505,1.007
br.com.bb.android,Banco do Brasil: Conta Digital,FINANCE,50000000,6737879,4.36,Free,0.809,1.598
com.innersloth.spacemafia,Among Us,GAME_ACTION,500000000,13375429,3.85,Free,0.091,0.205
com.google.android.webview,Android System WebView,TOOLS,10000000000,8828309,4.04,Free,0.37,0.691
com.canva.editor,"Canva: Design, Art & AI Editor",ART_AND_DESIGN,100000000,17323046,4.81,Free,1.994,3.916
com.whatsapp,WhatsApp Messenger,COMMUNICATION,5000000000,195251997,4.3,Free,0.5,0.976
com.google.android.apps.youtube.music,YouTube Music,MUSIC_AND_AUDIO,1000000000,5631734,4.41,Free,1.25,2.382
free.vpn.unblock.proxy.turbovpn,Turbo VPN - Secure VPN Proxy,TOOLS,100000000,8614848,4.73,Free,0.916,1.848
com.ea.game.pvzfree_row,Plants vs. Zombies™,GAME_STRATEGY,500000000,5700901,4.17,Free,0.119,0.056
com.supercell.clashroyale,Clash Royale,GAME_STRATEGY,500000000,37694270,4.21,Free,0.274,0.607
com.facebook.orca,Messenger,COMMUNICATION,5000000000,89837929,4.07,Free,0.376,0.78
com.gameloft.android.ANMP.GloftA8HM,Asphalt 8 - Car Racing Game,GAME_RACING,100000000,11325672,4.52,Free,0.28,0.589
com.google.android.calculator,Calculator,TOOLS,1000000000,640306,4.41,Free,0.928,1.785
com.ubercab.eats,Uber Eats: Food Delivery,FOOD_AND_DRINK,100000000,5485786,4.31,Free,0.452,0.895
com.google.android.apps.magazines,Google News - Daily Headlines,NEWS_AND_MAGAZINES,1000000000,1888563,4.12,Free,0.382,0.728
com.lazada.android,Lazada 8.8,SHOPPING,100000000,26717358,4.7,Free,0.814,1.755
com.lenovo.anyshare.gps,"SHAREit: Transfer, Share Files",TOOLS,1000000000,17993068,4.29,Free,0.141,0.267
video.like,Likee - Short Video Community,SOCIAL,500000000,11644924,4.39,Free,0.052,0.104
com.policydm,Samsung Security Policy Update,PRODUCTIVITY,1000000000,346473,4.03,Free,0.146,0.275
com.miui.player,Mi Music,MUSIC_AND_AUDIO,1000000000,2525448,3.83,Free,0.032,0.496
com.samsung.android.lool,Device Care,TOOLS,1000000000,570822,4.06,Free,0.766,1.532
com.facebook.katana,Facebook,SOCIAL,5000000000,149461450,4.25,Free,1.181,2.753
com.google.android.apps.assistant,Google Assistant Go,TOOLS,1000000000,423572,4.27,Free,0.758,1.494
com.google.android.marvin.talkback,Android Accessibility Suite,TOOLS,10000000000,3815747,4.04,Free,0.688,1.303
com.supercell.brawlstars,Brawl Stars,GAME_ACTION,100000000,23626901,4.33,Free,1.423,2.074
com.UCMobile.intl,"UC Browser-Safe, Fast, Private",COMMUNICATION,1000000000,22256401,4.15,Free,0.02,0.033
com.miui.weather2,Weather - By Xiaomi,WEATHER,1000000000,1197840,4.12,Free,0.43,0.889
com.ea.gp.fifamobile,EA SPORTS FC™ Mobile Soccer,GAME_SPORTS,500000000,15809686,4.25,Free,1.119,1.737
com.king.farmheroessaga,Farm Heroes Saga,GAME_CASUAL,100000000,9985833,4.66,Free,0.033,0.066
com.google.android.apps.messaging,Google Messages,COMMUNICATION,5000000000,13650228,4.33,Free,1.981,3.856
com.imo.android.imoim,imo-International Calls & Chat,COMMUNICATION,1000000000,8561927,4.22,Free,0.484,0.854
com.microsoft.office.outlook,Microsoft Outlook,PRODUCTIVITY,1000000000,9607904,4.51,Free,0.62,1.191
com.nianticlabs.pokemongo,Pokémon GO,GAME_ADVENTURE,500000000,15402788,3.97,Free,0.025,0.05
com.samsung.android.uds,Ultra data saving,TOOLS,1000000000,52035,4.2,Free,1.4,2.779
com.touchtype.swiftkey,Microsoft SwiftKey AI Keyboard,PERSONALIZATION,1000000000,4191862,4.5,Free,0.493,1.093
com.roblox.client,Roblox,GAME_ADVENTURE,1000000000,39718823,4.44,Free,1.17,2.217
com.outfit7.talkingtomgoldrun,Talking Tom Gold Run,GAME_ACTION,500000000,6042349,4.27,Free,0.503,0.984
com.vivo.website,vivo Store,SHOPPING,1000000000,146261,4.38,Free,4.44,7.893
com.snapchat.android,Snapchat,COMMUNICATION,1000000000,35554576,4.09,Free,0.725,0.842
com.opera.mini.native,Opera Mini: Fast Web Browser,COMMUNICATION,500000000,9272028,4.54,Free,0.533,1.227
com.miniclip.carrom,Carrom Pool: Disc Game,GAME_SPORTS,100000000,6279638,4.54,Free,1.292,2.765
com.sec.pcw,Samsung Link (Terminated),PRODUCTIVITY,500000000,181910,3.61,Free,0.003,0.006
com.facebook.lite,Facebook Lite,SOCIAL,1000000000,26915786,3.73,Free,0.764,1.819
com.google.android.apps.googleassistant,Google Assistant,PRODUCTIVITY,1000000000,1020991,3.68,Free,1.461,2.985
com.miui.cleaner,Cleaner,TOOLS,1000000000,120470,4.42,Free,3.675,7.306
com.sirma.mobile.bible.android,YouVersion Bible App + Audio,BOOKS_AND_REFERENCE,100000000,7243898,4.92,Free,1.113,2.247
com.apusapps.launcher,APUS System: Theme Launcher,PERSONALIZATION,100000000,5871535,4.47,Free,0.0,0.0
com.ludo.king,Ludo King™,GAME_BOARD,1000000000,9884297,4.02,Free,0.349,0.83
com.instagram.android,Instagram,SOCIAL,5000000000,155121304,4.01,Free,0.034,0.987
com.ubercab,Uber - Request a ride,MAPS_AND_NAVIGATION,500000000,13960297,4.59,Free,0.916,1.863
com.android.chrome,Google Chrome,COMMUNICATION,10000000000,45387559,4.06,Free,0.13,0.476
com.youmusic.magictiles,Magic Tiles 3,GAME_MUSIC,500000000,3207146,4.09,Free,0.504,1.016
com.google.android.deskclock,Clock,TOOLS,1000000000,642513,4.09,Free,0.805,1.61
com.google.android.apps.chromecast.app,Google Home,LIFESTYLE,500000000,2826512,4.12,Free,0.948,2.059
com.flipkart.android,Flipkart Online Shopping App,SHOPPING,500000000,55379920,4.3,Free,1.342,2.733
com.oppo.quicksearchbox,Global Search,TOOLS,500000000,58806,3.87,Free,8.836,17.755
com.playit.videoplayer,PLAYit-All in One Video Player,VIDEO_PLAYERS,500000000,5939333,4.46,Free,0.982,1.818
com.spotify.music,Spotify: Music and Podcasts,MUSIC_AND_AUDIO,1000000000,31469551,4.38,Free,0.563,1.162
com.amazon.mShop.android.shopping,Amazon Shopping,SHOPPING,500000000,3864963,4.4,Free,0.867,1.645
com.microsoft.office.powerpoint,Microsoft PowerPoint,PRODUCTIVITY,1000000000,2977333,4.75,Free,1.157,2.515
com.gallery20,AI Gallery,PHOTOGRAPHY,500000000,235387,4.14,Free,1.79,3.748
com.booking,Booking.com: Hotels & Travel,TRAVEL_AND_LOCAL,500000000,4050069,4.51,Free,0.536,1.182
com.grabtaxi.passenger,Grab - Taxi & Food Delivery,TRAVEL_AND_LOCAL,100000000,13544761,4.81,Free,1.054,2.151
com.microsoft.office.word,Microsoft Word: Edit Documents,PRODUCTIVITY,1000000000,11216397,4.78,Free,1.603,3.393
com.gamma.scan,QR & Barcode Scanner,TOOLS,500000000,2680752,4.53,Free,0.913,1.856
com.sec.android.app.popupcalculator,Samsung Calculator,TOOLS,1000000000,844642,4.52,Free,0.869,1.768
com.coloros.gallery3d,OPPO Photos,PRODUCTIVITY,500000000,1963,0.0,Free,0,0
com.picsart.studio,Picsart: AI Photo Video Editor,PHOTOGRAPHY,1000000000,12063691,4.05,Free,0.167,0.255
com.samsung.android.calendar,Samsung Calendar,PRODUCTIVITY,1000000000,43108,4.29,Free,8.834,19.894
com.mi.globalbrowser,Mi Browser,TOOLS,500000000,952611,4.51,Free,1.517,3.052
com.microsoft.office.officehubrow,Microsoft 365 (Office),PRODUCTIVITY,1000000000,5572659,4.71,Free,3.579,7.423
com.transsion.filemanagerx,File Manager,TOOLS,500000000,141375,4.33,Free,1.694,3.702
com.hicloud.android.clone,Phone Clone,TOOLS,500000000,135118,3.91,Free,0.291,0.539
com.igg.android.lordsmobile,Lords Mobile: Kingdom Wars,GAME_STRATEGY,500000000,8754156,4.48,Free,0.415,0.824
com.transsion.magicshow,Visha-Video Player All Formats,VIDEO_PLAYERS,500000000,1191468,4.45,Free,4.597,10.49
com.google.android.gms,Google Play services,TOOLS,10000000000,43201066,4.27,Free,0.312,0.592
com.google.android.inputmethod.latin,Gboard - the Google Keyboard,TOOLS,5000000000,14956162,4.49,Free,1.036,2.08
br.gov.meugovbr,gov.br,TOOLS,100000000,7700934,4.48,Free,2.337,4.756
com.imangi.templerun2,Temple Run 2,GAME_ACTION,1000000000,10059494,4.29,Free,0.046,0.096
com.google.android.apps.restore,Data Restore Tool,TOOLS,5000000000,771644,4.13,Free,2.589,5.218
com.zaz.translate,Hi Translate - Chat translator,TOOLS,500000000,477576,4.42,Free,1.223,2.394
com.google.android.apps.docs.editors.sheets,Google Sheets,PRODUCTIVITY,1000000000,1140508,4.02,Free,0.298,0.59
com.google.android.accessibility.switchaccess,Switch Access,TOOLS,500000000,21970,3.55,Free,24.373,47.593
com.contextlogic.wish,Wish: Shop and Save,SHOPPING,500000000,14464861,4.67,Free,0.001,0.002
com.google.android.apps.photosgo,Gallery,PHOTOGRAPHY,1000000000,361589,4.34,Free,2.927,6.016
cn.xender,Xender - Share Music Transfer,TOOLS,500000000,3938489,4.4,Free,0.556,1.061
com.yahoo.mobile.client.android.mail,Yahoo Mail – Organized Email,COMMUNICATION,100000000,7720777,4.54,Free,0.835,1.809
com.pinterest,Pinterest,LIFESTYLE,1000000000,10507873,4.51,Free,0.471,0.919
com.motorola.moto,Moto,PERSONALIZATION,500000000,96592,4.05,Free,0.855,1.638
com.outfit7.mytalkingtom2,My Talking Tom 2,GAME_CASUAL,500000000,5986481,4.24,Free,0.859,1.684
com.skgames.trafficrider,Traffic Rider,GAME_RACING,500000000,8602365,4.33,Free,0.246,0.491
com.prettysimple.criminalcaseandroid,Criminal Case,GAME_ADVENTURE,100000000,4357394,4.59,Free,0.025,0.048
com.utorrent.client,µTorrent®- Torrent Downloader,VIDEO_PLAYERS,100000000,5227190,4.57,Free,0.198,0.375
com.google.android.tts,Speech Recognition & Synthesis,TOOLS,10000000000,3808637,4.02,Free,0.497,0.978
com.aim.racing,Extreme Car Driving Simulator,GAME_RACING,500000000,4558620,4.3,Free,0.228,0.079
com.fungames.sniper3d,Sniper 3D：Gun Shooting Games,GAME_ACTION,500000000,16784553,4.52,Free,0.274,0.556
com.google.ar.core,Google Play Services for AR,TOOLS,1000000000,661326,3.85,Free,0.619,1.183
com.hp.android.printservice,HP Print Service Plugin,PRODUCTIVITY,500000000,3011416,4.15,Free,0.032,0.064
com.rubygames.assassin,Hunter Assassin,GAME_ACTION,500000000,3686889,4.27,Free,1.226,2.536
com.playrix.gardenscapes,Gardenscapes,GAME_CASUAL,500000000,12695084,4.74,Free,0.334,0.586
com.halfbrick.fruitninjafree,Fruit Ninja®,GAME_ARCADE,500000000,5535766,4.39,Free,0.025,0.051
com.mi.android.globalminusscreen,App Vault,TOOLS,1000000000,735151,4.4,Free,0.651,1.332
com.netflix.mediaclient,Netflix,ENTERTAINMENT,1000000000,14533230,4.18,Free,0.092,0.166
com.quvideo.xiaoying,VivaVideo - Video Editor&Maker,VIDEO_PLAYERS,500000000,12698820,4.41,Free,0.005,0.011
com.fdgentertainment.bananakong,Banana Kong,GAME_ACTION,100000000,5084273,4.62,Free,0.212,0.428
com.motorola.genie,Device Help,TOOLS,500000000,106532,3.91,Free,0.736,1.402
com.sec.android.app.myfiles,Samsung My Files,TOOLS,1000000000,448032,4.15,Free,0.952,1.84
com.google.android.gm,Gmail,COMMUNICATION,10000000000,13141677,4.16,Free,0.445,0.863
us.zoom.videomeetings,Zoom Workplace,BUSINESS,1000000000,4295676,4.11,Free,0.33,0.614
com.tencent.iglite,PUBG MOBILE LITE,GAME_ACTION,100000000,8318439,3.98,Free,0.044,0.086
com.google.android.music,YouTube Music,MUSIC_AND_AUDIO,1000000000,5631734,4.41,Free,1.25,2.382
com.vivo.easyshare,EasyShare,TOOLS,500000000,312983,4.18,Free,2.316,4.51
com.dts.freefireth,Free Fire: 7th Anniversary,GAME_ACTION,1000000000,120174527,4.16,Free,0.317,0.635
com.sec.android.app.shealth,Samsung Health,HEALTH_AND_FITNESS,1000000000,1502026,3.65,Free,0.242,0.461
com.google.android.projection.gearhead,Android Auto,AUTO_AND_VEHICLES,5000000000,4514979,4.17,Free,1.625,3.218
com.pubg.imobile,Battlegrounds Mobile India,GAME_ACTION,100000000,6273123,4.23,Free,1.373,2.276
com.kiloo.subwaysurf,Subway Surfers,GAME_ARCADE,1000000000,41432245,4.59,Free,0.165,0.37
com.ss.android.ugc.trill,TikTok,VIDEO_PLAYERS,500000000,19830245,4.38,Free,1.104,2.062
com.camerasideas.instashot,Video Editor & Maker - InShot,PHOTOGRAPHY,500000000,20827265,4.83,Free,0.884,1.695
com.mxtech.videoplayer.ad,MX Player,VIDEO_PLAYERS,1000000000,12668857,4.3,Free,0.473,0.83
com.samsung.sree,Samsung Global Goals,EDUCATION,500000000,228537,3.75,Free,0.752,1.463
com.google.android.apps.translate,Google Translate,TOOLS,1000000000,8906674,4.13,Free,0.172,0.338
com.mobile.legends,Mobile Legends: Bang Bang,GAME_ACTION,500000000,35950736,4.07,Free,0.628,1.588
com.lemon.lvoverseas,CapCut - Video Editor,VIDEO_PLAYERS,1000000000,9574185,4.32,Free,2.232,4.538
com.indeed.android.jobsearch,Indeed Job Search,BUSINESS,100000000,7034684,4.68,Free,4.409,9.134
com.microsoft.skydrive,Microsoft OneDrive,PRODUCTIVITY,1000000000,5563074,4.58,Free,1.144,2.321
com.wb.goog.mkx,Mortal Kombat,GAME_ACTION,100000000,4544773,4.2,Free,0.079,0.109
com.zzkko,SHEIN-Shopping Online,SHOPPING,500000000,6302476,4.28,Free,0.284,0.575
com.twitter.android,X,SOCIAL,1000000000,21954197,3.69,Free,0.325,0.359
in.amazon.mShop.android.shopping,"Amazon India Shop, Pay, miniTV",SHOPPING,500000000,9348103,4.48,Free,0.477,0.88
com.firsttouchgames.dls7,Dream League Soccer 2024,GAME_SPORTS,100000000,10317481,4.32,Free,1.231,2.531
com.google.earth,Google Earth,TRAVEL_AND_LOCAL,500000000,2957678,4.15,Free,0.076,0.153
com.google.android.videos,Google TV,VIDEO_PLAYERS,5000000000,2541511,3.92,Free,0.506,0.977
com.google.android.calendar,Google Calendar,PRODUCTIVITY,5000000000,2953560,4.52,Free,1.2,2.808
com.heytap.themestore,Theme,PERSONALIZATION,500000000,2133,3.72,Free,1.148,2.216
net.one97.paytm,Paytm: Secure UPI Payments,FINANCE,500000000,19713927,4.57,Free,2.155,2.383
com.linkedin.android,LinkedIn: Jobs & Business News,BUSINESS,1000000000,2911108,4.11,Free,0.716,1.577
com.google.android.apps.searchlite,Google Go,TOOLS,1000000000,1424462,4.33,Free,1.508,3.241
air.com.hypah.io.slither,slither.io,GAME_ACTION,500000000,6633238,3.94,Free,0.007,0.013
com.phonepe.app,"PhonePe UPI, Payment, Recharge",FINANCE,500000000,11286874,4.37,Free,0.329,1.169
com.sec.app.samsungprintservice,Samsung Print Service Plugin,PRODUCTIVITY,1000000000,473771,3.68,Free,0.003,0.075
com.kwai.video,Kwai - download & share video,VIDEO_PLAYERS,500000000,10397998,4.48,Free,0.066,0.112
com.heytap.browser,Internet Browser,TOOLS,500000000,36271,3.71,Free,15.855,37.518
com.outfit7.mytalkingtomfree,My Talking Tom,GAME_CASUAL,1000000000,17734031,4.3,Free,0.075,0.159
com.samsung.android.app.notes,Samsung Notes,PRODUCTIVITY,1000000000,8699846,4.77,Free,2.429,4.837
com.dsi.ant.plugins.antplus,ANT+ Plugins Service,TOOLS,1000000000,348379,3.53,Free,0.201,0.259
com.microsoft.teams,Microsoft Teams,BUSINESS,100000000,7495356,4.6,Free,0.647,1.274
com.tencent.ibg.joox,JOOX Music,MUSIC_AND_AUDIO,100000000,6326151,4.07,Free,0.001,0.001
com.samsung.android.appseparation,Separated Apps,PRODUCTIVITY,1000000000,15626,3.14,Free,15.841,47.325
com.firsttouchgames.story,Score! Hero - Soccer Games,GAME_SPORTS,100000000,7247076,4.36,Free,0.367,0.817
net.peakgames.toonblast,Toon Blast,GAME_PUZZLE,100000000,4140134,4.62,Free,0.414,0.804
com.google.android.apps.books,Google Play Books & Audiobooks,BOOKS_AND_REFERENCE,1000000000,2608400,4.65,Free,0.922,1.836
com.mercadolibre,Mercado Libre: Compras online,SHOPPING,100000000,18494199,4.57,Free,0.198,0.46
com.google.android.apps.docs,Google Drive,PRODUCTIVITY,10000000000,10212096,4.32,Free,0.245,0.479
cn.wps.moffice_eng,"WPS Office-PDF,Word,Sheet,PPT",PRODUCTIVITY,500000000,5170605,4.59,Free,0.845,1.599
com.google.android.apps.docs.editors.slides,Google Slides,PRODUCTIVITY,1000000000,608546,4.02,Free,0.204,0.439
jp.naver.line.android,LINE: Calls & Messages,COMMUNICATION,500000000,13946864,3.86,Free,0.123,0.245
com.transsion.phoenix,Phoenix - Fast & Safe,COMMUNICATION,500000000,4591878,4.37,Free,1.231,2.46
com.motorola.ccc.notification,Motorola Notifications,PRODUCTIVITY,500000000,97301,4.03,Free,1.546,3.427
com.dts.freefiremax,Free Fire MAX,GAME_ACTION,500000000,23224723,4.21,Free,2.407,2.418
com.miniclip.eightballpool,8 Ball Pool,GAME_SPORTS,1000000000,27813747,4.57,Free,0.734,1.285
com.axlebolt.standoff2,Standoff 2,GAME_ACTION,100000000,10516166,4.24,Free,1.142,0.759
com.google.audio.hearing.visualization.accessibility.scribe,Live Transcribe & Notification,COMMUNICATION,1000000000,158967,3.73,Free,2.01,4.305
com.samsung.android.oneconnect,SmartThings,LIFESTYLE,500000000,1409084,4.49,Free,7.18,11.476
com.skype.raider,Skype,COMMUNICATION,1000000000,11619093,4.27,Free,0.267,0.498
com.ea.games.r3_row,Real Racing  3,GAME_RACING,100000000,7198489,4.38,Free,0.208,0.246
com.gameloft.android.ANMP.GloftDMHM,Minion Rush: Running Game,GAME_CASUAL,500000000,10688653,4.38,Free,0.012,0.009
com.google.android.youtube,YouTube,VIDEO_PLAYERS,10000000000,156444962,4.09,Free,0.562,0.56
com.microsoft.appmanager,Link to Windows,PRODUCTIVITY,1000000000,878732,3.97,Free,1.602,3.092
com.vkontakte.android,"VK: music, video, messenger",SOCIAL,100000000,9096780,3.79,Free,0.259,0.477
br.gov.caixa.tem,CAIXA Tem,FINANCE,100000000,5454118,3.81,Free,0.352,0.651
com.avast.android.mobilesecurity,Avast Antivirus & Security,TOOLS,100000000,7247665,4.64,Free,0.11,0.169
com.huawei.KoBackup,Huawei Backup,TOOLS,1000000000,183507,4.29,Free,0.19,0.367
sinet.startup.inDriver,inDrive. Save on city rides,MAPS_AND_NAVIGATION,100000000,8543637,4.73,Free,2.899,6.192
com.waze,Waze Navigation & Live Traffic,MAPS_AND_NAVIGATION,500000000,8721812,4.35,Free,0.088,0.167
com.jio.myjio,MyJio: For Everything Jio,PRODUCTIVITY,500000000,25894913,4.3,Free,0.17,0.46
com.google.android.play.games,Google Play Games,ENTERTAINMENT,5000000000,13139324,4.24,Free,0.073,0.14
org.telegram.messenger,Telegram,COMMUNICATION,1000000000,14280232,4.3,Free,1.125,2.299
com.myairtelapp,Airtel Thanks: Recharge & Bank,FINANCE,100000000,7395009,4.13,Free,0.423,0.898
com.google.android.apps.nbu.files,Files by Google,TOOLS,1000000000,8058594,4.58,Free,0.44,0.89
