com.generagames.resistance,Cover Fire: Offline Shooting,GAME_ACTION,100000000,2515484,4.62,Free,0.113,0.275
com.eterno,Dailyhunt Xpresso News Cricket,NEWS_AND_MAGAZINES,100000000,2516129,4.45,Free,0.654,1.472
me.zepeto.main,"ZEPETO: Avatar, Connect & Play",ENTERTAINMENT,100000000,2525425,4.37,Free,0.593,1.187
jp.ne.ibis.ibispaintx.app,ibis Paint X,ART_AND_DESIGN,100000000,2526648,4.37,Free,0.941,1.883
com.emoji.coolkeyboard,"Emoji keyboard - Themes, Fonts",TOOLS,100000000,2544974,4.58,Free,0.0,0.001
com.touchtao.soccerkinggoogle,World Soccer League,GAME_SPORTS,100000000,2567617,4.26,Free,0.01,0.02
com.cricbuzz.android,Cricbuzz - Live Cricket Scores,SPORTS,100000000,2533492,4.34,Free,1.856,4.211
tunein.player,TuneIn Radio: Music & Sports,MUSIC_AND_AUDIO,100000000,2576723,4.69,Free,0.382,0.838
com.fungames.flightpilot,Flight Pilot: 3D Simulator,GAME_ROLE_PLAYING,100000000,2694540,4.18,Free,0.003,0.006
com.vectorunit.purple.googleplay,Beach Buggy Racing,GAME_RACING,100000000,2691172,4.47,Free,0.242,0.597
com.fungames.blockcraft,Block Craft 3D：Building Game,GAME_ARCADE,100000000,2603727,4.25,Free,0.061,0.123
com.accuweather.android,AccuWeather: Weather Radar,WEATHER,100000000,2572405,3.56,Free,0.009,0.018
com.ea.gp.nbamobile,NBA LIVE Mobile Basketball,GAME_SPORTS,100000000,2607988,4.2,Free,0.1,0.217
com.dubox.drive,TeraBox: Cloud Storage Space,TOOLS,100000000,2731102,4.52,Free,2.119,4.274
com.alibaba.intl.android.apps.poseidon,Alibaba.com - B2B marketplace,SHOPPING,100000000,2535353,4.45,Free,1.154,2.37
com.playmini.miniworld,Mini World: CREATA,GAME_ADVENTURE,100000000,2606462,4.11,Free,0.008,0.016
cris.org.in.prs.ima,IRCTC Rail Connect,TRAVEL_AND_LOCAL,100000000,2619928,3.65,Free,0.109,0.279
jp.garud.ssimulator,SAKURA School Simulator,GAME_SIMULATION,100000000,2851436,4.24,Free,0.563,1.126
com.neptune.domino,Higgs Domino Island,GAME_BOARD,50000000,4721347,3.92,Free,0.103,0.157
com.mojang.minecraftpe,Minecraft,GAME_ARCADE,50000000,4977086,4.46,$1.99,0.192,0.383
com.naturalmotion.customstreetracer2,CSR 2 Realistic Drag Racing,GAME_RACING,50000000,5020024,4.6,Free,0.108,0.216
com.jb.gokeyboard,GO Keyboard Lite - Many Theme,PERSONALIZATION,100000000,2623042,4.43,Free,0.052,0.105
com.piriform.ccleaner,CCleaner – Phone Cleaner,TOOLS,100000000,2710077,4.52,Free,0.547,1.476
com.superking.parchisi.star,Parchisi STAR Online,GAME_BOARD,100000000,2810660,4.41,Free,0.315,0.809
com.adobe.lrmobile,Lightroom Photo & Video Editor,PHOTOGRAPHY,100000000,2669771,4.58,Free,2.019,4.432
br.gov.serpro.cnhe,Carteira Digital de Trânsito,TOOLS,50000000,4736078,4.76,Free,2.254,4.693
com.taxis99,99 - Private Driver and Taxi,MAPS_AND_NAVIGATION,100000000,2630037,4.14,Free,0.535,1.164
fb.video.downloader,FastVid: Download for Facebook,TOOLS,100000000,3101675,4.15,Free,0.302,0.605
com.olx.southasia,OLX: Buy & Sell Near You,SHOPPING,100000000,2916162,4.26,Free,0.332,0.686
com.outfit7.movingeye.swampattack,Swamp Attack,GAME_ACTION,100000000,2644372,4.51,Free,0.009,0.018
com.yandex.browser,Yandex Browser with Protect,PERSONALIZATION,100000000,2611217,4.38,Free,0.407,1.037
com.rsupport.mvagent,Mobizen Screen Recorder,PRODUCTIVITY,100000000,3325320,4.22,Free,0.005,0.01
com.avito.android,"Авито: квартиры, авто, работа",SHOPPING,100000000,3125441,3.49,Free,0.489,0.956
io.wifimap.wifimap,"WiFi Map®: Internet, eSIM, VPN",PRODUCTIVITY,100000000,2846358,4.46,Free,0.148,0.296
com.jb.gosms,"GO SMS Pro - Messenger, Free T",COMMUNICATION,100000000,2929758,4.25,Free,0.0,0.0
com.csam.icici.bank.imobile,"iMobile Pay: Loan, Banking App",FINANCE,50000000,5615215,4.37,Free,1.067,2.27
com.topfreegames.bikeracefreeworld,Bike Race：Motorcycle Games,GAME_RACING,100000000,3100970,4.48,Free,0.005,0.011
com.taxsee.taxsee,"maxim — order taxi, food",AUTO_AND_VEHICLES,50000000,5154703,4.6,Free,2.129,4.771
app.source.getcontact,Getcontact,COMMUNICATION,100000000,3213643,3.92,Free,1.452,2.702
com.halo.wifikey.wifilocating,WiFi Master: WiFi Auto Connect,TOOLS,100000000,3257947,4.35,Free,0.074,0.202
deezer.android.app,Deezer: Music & Podcast Player,MUSIC_AND_AUDIO,100000000,3367409,4.31,Free,0.346,0.836
photoeditor.layout.collagemaker,Collage Maker | Photo Editor,PHOTOGRAPHY,100000000,3135736,4.92,Free,0.9,1.995
com.FDGEntertainment.redball4.gp,Red Ball 4,GAME_ARCADE,100000000,3111037,4.58,Free,0.715,1.431
free.tube.premium.advanced.tuber,Pure Tuber: Video & MP3 Player,VIDEO_PLAYERS,100000000,2828145,3.98,Free,0.683,1.367
com.instabridge.android,Instabridge: WiFi Map,PRODUCTIVITY,100000000,2687000,4.19,Free,4.533,9.458
com.microblink.photomath,Photomath,EDUCATION,100000000,3041034,4.44,Free,0.105,0.21
com.sandboxol.blockymods,Blockman Go,GAME_ARCADE,100000000,2753132,4.24,Free,0.005,0.01
com.amazon.mp3,Amazon Music: Songs & Podcasts,MUSIC_AND_AUDIO,100000000,3107302,3.28,Free,0.231,0.507
com.pandora.android,Pandora - Music & Podcasts,MUSIC_AND_AUDIO,100000000,3402808,3.98,Free,0.019,0.038
com.midasplayer.apps.bubblewitchsaga2,Bubble Witch 2 Saga,GAME_CASUAL,100000000,2987256,4.62,Free,0.004,0.008
com.joeware.android.gpulumera,Candy Camera - photo editor,PHOTOGRAPHY,100000000,3486399,4.48,Free,40.27,80.54
com.zeptolab.ctr.ads,Cut the Rope,GAME_PUZZLE,100000000,2749467,4.48,Free,0.015,0.031
com.gameloft.android.ANMP.GloftA9HM,Asphalt 9: Legends,GAME_RACING,100000000,2763119,4.46,Free,0.065,0.129
com.creativemobile.DragRacing,Drag Racing,GAME_RACING,100000000,2682684,4.36,Free,7.575,15.15
com.gameloft.android.ANMP.GloftDOHM,Dragon Mania Legends,GAME_ADVENTURE,100000000,2998514,4.44,Free,0.001,0.002
com.global.foodpanda.android,foodpanda: food & groceries,FOOD_AND_DRINK,100000000,3251949,4.02,Free,0.475,0.986
com.miniclip.plagueinc,Plague Inc.,GAME_SIMULATION,100000000,3874741,4.68,Free,0.049,0.097
com.dywx.larkplayer,Lark Player:Music Player & MP3,MUSIC_AND_AUDIO,100000000,3897388,4.5,Free,1.413,2.782
com.kakao.talk,KakaoTalk : Messenger,COMMUNICATION,100000000,3167386,4.14,Free,0.023,0.045
com.king.bubblewitch3,Bubble Witch 3 Saga,GAME_PUZZLE,100000000,2691223,4.65,Free,0.033,0.065
ru.ok.android,OK: Social Network,SOCIAL,100000000,2714503,4.01,Free,0.057,0.132
com.digidust.elokence.akinator.freemium,Akinator,ENTERTAINMENT,100000000,4490832,4.63,Free,0.473,1.112
com.adobe.scan.android,"Adobe Scan: PDF Scanner, OCR",BUSINESS,100000000,2745996,4.75,Free,0.66,1.287
com.intsig.camscanner,CamScanner - PDF Scanner App,PRODUCTIVITY,100000000,4664612,4.8,Free,0.351,0.759
co.brainly,Brainly: AI Homework Helper,EDUCATION,100000000,3716532,4.43,Free,2.581,5.819
com.kabam.marvelbattle,Marvel Contest of Champions,GAME_ACTION,100000000,3204819,4.26,Free,0.003,0.006
ru.mail.mailapp,Mail.ru - Email App,COMMUNICATION,100000000,3146542,4.63,Free,1.183,2.98
com.disney.disneyplus,Disney+,ENTERTAINMENT,100000000,3912860,4.41,Free,1.118,2.82
com.popularapp.periodcalendar,Period Calendar Period Tracker,HEALTH_AND_FITNESS,100000000,4558541,4.88,Free,0.236,0.556
com.starmakerinteractive.starmaker,StarMaker: Sing Karaoke Songs,MUSIC_AND_AUDIO,100000000,3609662,4.34,Free,0.501,1.003
com.nekki.vector,Vector,GAME_ARCADE,100000000,3672025,4.34,Free,0.079,0.335
com.dvloper.granny,Granny,GAME_ARCADE,100000000,4057596,4.26,Free,0.394,0.808
com.ea.games.r3_row,Real Racing  3,GAME_RACING,100000000,7180218,4.35,Free,0.189,0.363
com.os.airforce,1945 Air Force: Airplane games,GAME_ARCADE,100000000,3785760,4.76,Free,0.886,1.998
com.coloros.weather2,Weather,WEATHER,500000000,29281,4.41,Free,7.715,16.577
com.audiomack,Audiomack: Music Downloader,MUSIC_AND_AUDIO,100000000,4672824,4.75,Free,2.392,4.85
com.naver.linewebtoon,WEBTOON,COMICS,100000000,3525469,4.68,Free,0.747,1.94
com.miniclip.footballstrike,Football Strike: Online Soccer,GAME_SPORTS,100000000,3271680,4.54,Free,0.342,1.388
com.king.petrescuesaga,Pet Rescue Saga,GAME_CASUAL,100000000,3492359,4.52,Free,0.0,0.001
com.lockwoodpublishing.avakinlife,Avakin Life - 3D Virtual World,GAME_ROLE_PLAYING,100000000,3383493,4.02,Free,0.005,0.01
net.peakgames.toonblast,Toon Blast,GAME_PUZZLE,100000000,4106042,4.62,Free,0.379,0.757
com.mi.globalminusscreen,App Vault,TOOLS,500000000,91088,4.67,Free,16.734,54.245
com.fdgentertainment.bananakong,Banana Kong,GAME_ACTION,100000000,5062270,4.6,Free,0.09,0.18
com.socialnmobile.dictapps.notepad.color.note,ColorNote Notepad Notes,PRODUCTIVITY,100000000,3756519,4.87,Free,0.217,0.464
vStudio.Android.Camera360,Camera360 :Photo Editor&Selfie,PHOTOGRAPHY,100000000,5028130,4.48,Free,0.003,0.007
com.facebook.pages.app,Meta Business Suite,BUSINESS,100000000,3851846,4.44,Free,1.432,2.861
com.appsomniacs.da2,Mini Militia - War.io,GAME_ACTION,100000000,3806434,4.12,Free,0.289,0.597
com.microsoft.teams,Microsoft Teams,BUSINESS,100000000,7399522,4.6,Free,0.499,1.259
com.mojang.minecrafttrialpe,Minecraft Trial,GAME_ARCADE,100000000,2996997,4.04,Free,0.05,0.1
com.jio.jioplay.tv,"JioTV: Live TV, Catch-Up & OTT",ENTERTAINMENT,100000000,3871907,4.12,Free,0.133,0.246
com.maleo.bussimulatorid,Bus Simulator Indonesia,GAME_SIMULATION,100000000,3182458,4.12,Free,0.532,1.213
com.h8games.helixjump,Helix Jump,GAME_ACTION,100000000,4190714,3.88,Free,37.642,75.284
homeworkout.homeworkouts.noequipment,Home Workout - No Equipment,HEALTH_AND_FITNESS,100000000,3276473,4.91,Free,1.264,2.528
com.billiards.city.pool.nation.club,Pooking - Billiards City,GAME_SPORTS,100000000,3512415,4.55,Free,0.248,0.522
com.frontrow.vlog,VN - Video Editor & Maker,VIDEO_PLAYERS,100000000,3334667,4.68,Free,5.49,11.402
com.craftsman.go,Craftsman: Building Craft,GAME_SIMULATION,100000000,3365275,3.88,Free,0.522,1.079
com.garena.game.kgvn,Garena Liên Quân Mobile,GAME_ACTION,50000000,6160935,3.91,Free,0.201,1.031
com.bitstrips.imoji,Bitmoji,ENTERTAINMENT,100000000,3629354,4.62,Free,0.043,0.109
com.apusapps.launcher,APUS System: Theme Launcher,PERSONALIZATION,100000000,5874880,4.49,Free,0.0,0.0
com.bigwinepot.nwdn.international,Remini - AI Photo Enhancer,PHOTOGRAPHY,100000000,3828114,4.03,Free,3.162,6.759
air.com.lunime.gachalife,Gacha Life,GAME_CASUAL,100000000,3838860,4.43,Free,0.148,0.3
com.mind.quiz.brain.out,Brain Out: Can you pass it?,GAME_PUZZLE,100000000,5735773,4.49,Free,0.01,0.02
com.kitkagames.fallbuddies,Stumble Guys,GAME_ACTION,100000000,5901991,4.25,Free,0.238,0.476
com.gamedevltd.wwh,World War Heroes — WW2 PvP FPS,GAME_ACTION,100000000,3234947,4.52,Free,0.144,0.508
com.ixigo.train.ixitrain,ixigo Trains: Ticket Booking,TRAVEL_AND_LOCAL,100000000,3089448,4.55,Free,0.691,1.35
com.paypal.android.p2pmobile,"PayPal - Send, Shop, Manage",FINANCE,100000000,3206612,4.27,Free,0.521,1.128
com.nu.production,"Nubank: conta, cartão e mais",FINANCE,100000000,2919017,3.88,Free,0.564,1.907
com.maxgames.stickwarlegacy,Stick War: Legacy,GAME_STRATEGY,100000000,2768128,4.7,Free,0.189,0.377
com.teacapps.barcodescanner,QR & Barcode Reader,PRODUCTIVITY,100000000,2755320,4.59,Free,1.167,2.588
com.tumblr,"Tumblr—Fandom, Art, Chaos",SOCIAL,100000000,3708409,4.04,Free,0.0,0.001
com.squareup.cash,Cash App,FINANCE,100000000,3076482,4.62,Free,1.2,2.565
com.joom,Joom. Shopping for every day,SHOPPING,100000000,3599976,4.43,Free,0.084,0.27
com.amazon.kindle,Amazon Kindle,BOOKS_AND_REFERENCE,100000000,3725534,4.72,Free,1.186,2.338
com.fluffyfairygames.idleminertycoon,Idle Miner Tycoon: Gold & Cash,GAME_SIMULATION,100000000,5115140,4.51,Free,0.206,0.411
com.kms.free,VPN & Antivirus by Kaspersky,TOOLS,100000000,4221073,4.67,Free,0.265,0.626
com.cyberlink.youcammakeup,YouCam Makeup - Selfie Editor,PHOTOGRAPHY,100000000,4175562,4.33,Free,0.024,0.06
photo.editor.photoeditor.photoeditorpro,AI Photo Editor - Polish,PHOTOGRAPHY,100000000,4258540,4.86,Free,0.726,1.664
com.radio.pocketfm,Pocket FM: Audio Series,MUSIC_AND_AUDIO,100000000,3176598,4.53,Free,2.094,4.896
com.whatsapp.wallpaper,WhatsApp Wallpaper,PERSONALIZATION,100000000,3331224,4.28,Free,0.0,0.001
com.netmarble.mherosgb,MARVEL Future Fight,GAME_ROLE_PLAYING,100000000,2985468,3.92,Free,0.005,0.01
com.biglime.cookingmadness,Cooking Madness: A Chef's Game,GAME_ARCADE,100000000,3084764,4.8,Free,0.402,0.789
com.myfitnesspal.android,MyFitnessPal: Calorie Counter,HEALTH_AND_FITNESS,100000000,2731265,4.22,Free,0.261,0.601
com.xiaomi.hm.health,Zepp Life,HEALTH_AND_FITNESS,100000000,2733986,3.84,Free,0.006,0.011
br.gov.meugovbr,gov.br,TOOLS,50000000,7345780,4.45,Free,3.418,7.197
com.contextlogic.wish,Wish: Shop and Save,SHOPPING,500000000,14474391,4.67,Free,0.011,0.022
home.solo.launcher.free,"Solo Launcher-Clean,Smooth,DIY",PERSONALIZATION,100000000,2815336,4.43,Free,17.952,35.904
com.smule.singandroid,Smule: Karaoke Songs & Videos,MUSIC_AND_AUDIO,100000000,4122597,3.84,Free,0.005,0.111
com.outfit7.talkingtomgoldrun,Talking Tom Gold Run,GAME_ACTION,500000000,5982522,4.27,Free,0.11,0.219
in.startv.hotstar,Disney+ Hotstar,ENTERTAINMENT,500000000,11714542,3.92,Free,0.179,0.357
com.pixonic.wwr,War Robots Multiplayer Battles,GAME_ACTION,100000000,4865172,4.27,Free,0.087,0.175
com.discord,"Discord - Talk, Play, Hang Out",COMMUNICATION,100000000,5691557,3.08,Free,0.29,0.57
com.ForgeGames.SpecialForcesGroup2,Special Forces Group 2,GAME_ACTION,100000000,3992199,4.38,Free,0.211,0.448
com.skype.raider,Skype,COMMUNICATION,1000000000,11560574,4.27,Free,0.235,0.566
com.amazon.dee.app,Amazon Alexa,LIFESTYLE,100000000,3891021,4.31,Free,2.156,4.217
com.myntra.android,Myntra - Fashion Shopping App,SHOPPING,100000000,4470197,4.36,Free,0.566,1.278
com.ea.game.simpsons4_row,The Simpsons™:  Tapped Out,GAME_CASUAL,100000000,4084610,4.22,Free,0.002,0.004
com.tinder,Tinder Dating App: Chat & Date,DATING,100000000,7117250,3.61,Free,1.274,2.617
com.coloros.phonemanager,Phone Manager,TOOLS,500000000,21102,3.86,Free,13.659,31.706
wp.wattpad,Wattpad - Read & Write Stories,BOOKS_AND_REFERENCE,100000000,4855081,4.12,Free,0.38,0.541
com.ubercab.eats,Uber Eats: Food Delivery,FOOD_AND_DRINK,100000000,5435492,4.33,Free,0.395,0.828
com.activision.callofduty.shooter,Call of Duty: Mobile Season 5,GAME_ACTION,100000000,16013806,4.31,Free,0.112,0.334
com.playrix.fishdomdd.gplay,Fishdom,GAME_PUZZLE,100000000,6436344,4.58,Free,0.149,0.447
zombie.survival.craft.z,Last Day on Earth: Survival,GAME_ACTION,100000000,4629796,4.37,Free,0.034,0.248
com.utorrent.client,µTorrent®- Torrent Downloader,VIDEO_PLAYERS,100000000,5206994,4.56,Free,0.15,0.326
com.gaana,"Gaana Music: Mp3 Song, Radio",MUSIC_AND_AUDIO,100000000,5131767,4.36,Free,0.006,0.012
net.zedge.android,Zedge™ Wallpapers & Ringtones,PERSONALIZATION,500000000,14894894,4.67,Free,0.908,1.816
es.socialpoint.DragonCity,Dragon City: Mobile Adventure,GAME_SIMULATION,100000000,10118311,4.66,Free,0.187,0.375
com.walmart.android,Walmart: Shopping & Savings,SHOPPING,100000000,4627959,4.7,Free,1.721,3.66
com.commsource.beautyplus,BeautyPlus-AI Photo/Video Edit,PHOTOGRAPHY,100000000,5014488,4.48,Free,0.201,0.456
me.pou.app,Pou,GAME_CASUAL,500000000,11983670,4.4,Free,0.002,0.003
com.king.candycrushsodasaga,Candy Crush Soda Saga,GAME_CASUAL,500000000,8893108,4.61,Free,0.019,0.037
com.outfit7.talkingtom,Talking Tom Cat,GAME_CASUAL,500000000,2725234,3.97,Free,0.673,1.484
com.shopee.br,Shopee 6.6 Liquida Meio do Ano,SHOPPING,100000000,4960297,4.82,Free,1.587,3.351
com.mi.globalbrowser,Mi Browser,TOOLS,500000000,923941,4.5,Free,1.287,2.964
com.lbe.parallel.intl,Parallel Space - app cloning,PERSONALIZATION,100000000,5058497,4.2,Free,0.044,0.117
com.nordcurrent.canteenhd,Cooking Fever: Restaurant Game,GAME_ARCADE,100000000,4976382,4.39,Free,0.008,0.016
com.indeed.android.jobsearch,Indeed Job Search,BUSINESS,100000000,6436952,4.7,Free,3.241,5.994
com.pubg.imobile,Battlegrounds Mobile India,GAME_ACTION,100000000,6131233,4.2,Free,1.036,1.798
videoeditor.videorecorder.screenrecorder,Screen Recorder - XRecorder,VIDEO_PLAYERS,100000000,6987330,4.75,Free,0.39,1.113
com.daraz.android,Daraz Online Shopping App,SHOPPING,100000000,3563590,4.18,Free,0.054,0.136
com.ebay.mobile,eBay online shopping & selling,SHOPPING,100000000,4760656,4.71,Free,0.284,0.564
com.nekki.shadowfight3,Shadow Fight 3 - RPG fighting,GAME_ROLE_PLAYING,100000000,4167831,4.57,Free,0.244,0.732
com.sirma.mobile.bible.android,YouVersion Bible App + Audio,BOOKS_AND_REFERENCE,100000000,7082083,4.91,Free,1.077,2.409
com.skgames.trafficrider,Traffic Rider,GAME_RACING,500000000,8559617,4.32,Free,0.081,0.272
com.samsung.sree,Samsung Global Goals,EDUCATION,500000000,225187,3.74,Free,0.589,1.309
com.shopee.id,Shopee 6.6 Great Mid-Year,SHOPPING,100000000,14163987,4.31,Free,0.809,1.878
tv.twitch.android.app,Twitch: Live Game Streaming,ENTERTAINMENT,100000000,5401665,4.36,Free,0.123,0.446
com.coloros.filemanager,My Files,TOOLS,500000000,15237,3.86,Free,10.131,28.768
org.mozilla.firefox,Firefox Fast & Private Browser,COMMUNICATION,100000000,5419139,4.57,Free,0.602,1.296
com.transsion.phoenix,Phoenix - Fast & Safe,COMMUNICATION,500000000,4478035,4.36,Free,1.201,2.529
com.tencent.iglite,PUBG MOBILE LITE,GAME_ACTION,100000000,8311187,3.97,Free,0.01,0.02
com.bradesco,"Bradesco: Conta, Cartão e Pix!",FINANCE,100000000,4551019,4.54,Free,1.115,2.264
com.kwai.bulldog,SnackVideo,VIDEO_PLAYERS,100000000,8407905,4.5,Free,0.029,0.113
com.motorola.motodisplay,Moto Display,TOOLS,500000000,110064,4.05,Free,0.27,0.662
com.yodo1.crossyroad,Crossy Road,GAME_ACTION,100000000,4540095,4.54,Free,0.002,0.004
com.samsung.android.calendar,Samsung Calendar,PRODUCTIVITY,1000000000,35856,4.09,Free,10.941,26.354
com.samsung.android.oneconnect,SmartThings,LIFESTYLE,500000000,1261863,4.39,Free,3.362,7.145
com.oppo.quicksearchbox,Global Search,TOOLS,500000000,49814,3.83,Free,6.926,14.477
com.pixel.art.coloring.color.number,Happy Color®: Coloring Book,GAME_BOARD,100000000,3480038,4.62,Free,0.136,0.493
com.sh.smart.caller,SmartCaller-Intelligence Calle,COMMUNICATION,500000000,51558,4.42,Free,3.485,7.262
com.fingersoft.hcr2,Hill Climb Racing 2,GAME_RACING,100000000,4604930,4.49,Free,0.072,0.145
com.ea.game.simcitymobile_row,SimCity BuildIt,GAME_SIMULATION,100000000,5496891,4.25,Free,0.082,0.17
com.axlebolt.standoff2,Standoff 2,GAME_ACTION,100000000,10434319,4.26,Free,0.596,1.375
com.google.android.apps.chromecast.app,Google Home,LIFESTYLE,500000000,2768550,4.12,Free,2.57,5.053
com.dreamgames.royalmatch,Royal Match,GAME_PUZZLE,100000000,6034744,4.61,Free,4.473,9.191
com.jrzheng.supervpnfree,SuperVPN Fast VPN Client,TOOLS,100000000,4033483,4.54,Free,1.421,3.163
com.playgendary.kickthebuddy,Kick the Buddy－Fun Action Game,GAME_ACTION,100000000,3512303,4.22,Free,0.004,0.007
musicplayer.musicapps.music.mp3player,Music Player & MP3 Player,MUSIC_AND_AUDIO,100000000,3541141,4.77,Free,0.991,2.342
com.bbk.theme,Themes,ENTERTAINMENT,500000000,114904,4.03,Free,3.099,4.85
com.playrix.township,Township,GAME_CASUAL,100000000,11150920,4.73,Free,0.507,1.23
com.prettysimple.criminalcaseandroid,Criminal Case,GAME_ADVENTURE,100000000,4355243,4.59,Free,0.0,0.001
com.ea.game.nfs14_row,Need for Speed™ No Limits,GAME_RACING,100000000,5126520,4.42,Free,0.124,0.349
com.devuni.flashlight,Tiny Flashlight + LED,TOOLS,100000000,4263970,4.57,Free,0.0,0.0
com.fugo.wow,Words of Wonders: Crossword,GAME_WORD,100000000,4608255,4.87,Free,1.796,4.173
com.mventus.selfcare.activity,"Vi: Recharge, Payments & Games",PRODUCTIVITY,100000000,4305767,4.58,Free,1.991,4.353
com.sega.sonicdash,Sonic Dash - Endless Running,GAME_ARCADE,100000000,6319815,4.66,Free,0.054,0.108
br.gov.caixa.tem,CAIXA Tem,FINANCE,100000000,5418247,3.87,Free,0.349,0.787
free.vpn.unblock.proxy.turbovpn,Turbo VPN - Secure VPN Proxy,TOOLS,100000000,8453403,4.71,Free,0.789,1.577
com.motorola.ccc.ota,Motorola Update Services,TOOLS,500000000,338131,3.96,Free,0.268,0.615
com.episodeinteractive.android.catalog,Episode - Choose Your Story,GAME_SIMULATION,100000000,4181147,4.28,Free,0.092,0.184
com.aim.racing,Extreme Car Driving Simulator,GAME_RACING,500000000,4554918,4.3,Free,0.238,0.464
com.halfbrick.jetpackjoyride,Jetpack Joyride,GAME_ARCADE,100000000,4928321,4.48,Free,0.0,0.0
com.whereismytrain.android,Where is my Train,TRAVEL_AND_LOCAL,100000000,4270580,4.25,Free,0.936,1.851
com.gameloft.android.ANMP.GloftGGHM,Gangstar Vegas: World of Crime,GAME_ACTION,100000000,6792614,4.34,Free,0.036,0.073
com.mercadopago.wallet,Mercado Pago: cuenta digital,FINANCE,100000000,7737355,4.72,Free,1.511,3.386
com.yy.hiyo,"Hago- Party, Chat & Games",SOCIAL,100000000,6357561,4.24,Free,0.011,0.022
net.one97.paytm,Paytm: Secure UPI Payments,FINANCE,500000000,19240097,4.58,Free,0.148,0.296
com.google.android.music,YouTube Music,MUSIC_AND_AUDIO,1000000000,5498555,4.4,Free,0.938,1.965
br.com.gabba.Caixa,CAIXA,FINANCE,100000000,4295792,4.58,Free,1.193,2.34
com.uc.browser.en,UC Mini-Download Video Status ,COMMUNICATION,100000000,4876512,4.3,Free,0.012,0.05
com.nexstreaming.app.kinemasterfree,KineMaster-Video Editor&Maker,VIDEO_PLAYERS,100000000,5748361,4.19,Free,0.159,0.528
com.sgiggle.production,"Tango- Live Stream, Video Chat",SOCIAL,100000000,4530723,4.34,Free,0.535,1.217
com.einnovation.temu,Temu: Shop Like a Billionaire,SHOPPING,100000000,3515134,4.65,Free,9.925,21.673
sinet.startup.inDriver,inDrive. Save on city rides,MAPS_AND_NAVIGATION,100000000,8029884,4.69,Free,3.27,7.762
com.reddit.frontpage,Reddit,SOCIAL,100000000,3094879,3.35,Free,0.448,0.994
com.soundcloud.android,SoundCloud: Play Music & Songs,MUSIC_AND_AUDIO,100000000,6860221,4.68,Free,0.508,1.04
com.google.android.apps.kids.familylink,Google Family Link,TOOLS,100000000,3128956,4.58,Free,2.156,5.271
com.venticake.retrica,Retrica,PHOTOGRAPHY,100000000,6164984,4.47,Free,0.002,0.003
com.weather.Weather,The Weather Channel - Radar,WEATHER,100000000,3050586,4.66,Free,0.397,0.948
com.gameloft.android.ANMP.GloftDMHM,Minion Rush: Running Game,GAME_CASUAL,500000000,10687650,4.45,Free,0.001,0.001
com.camerasideas.trimmer,YouCut - Video Editor & Maker,VIDEO_PLAYERS,100000000,7226262,4.84,Free,0.885,1.942
in.swiggy.android,"Swiggy Food, Grocery & Dineout",FOOD_AND_DRINK,100000000,7957626,4.33,Free,0.33,0.66
com.gameloft.android.ANMP.GloftM5HM,Modern Combat 5: mobile FPS,GAME_ACTION,100000000,4086384,4.57,Free,0.16,0.424
com.tocaboca.tocalifeworld,Toca Boca World,GAME_EDUCATIONAL,100000000,5740659,4.22,Free,0.032,0.064
com.opera.browser,Opera browser with AI,COMMUNICATION,100000000,4668801,4.71,Free,0.381,0.867
com.miniclip.agar.io,Agar.io,GAME_ACTION,100000000,4175907,3.85,Free,0.015,0.031
com.offline.bible,Bible Offline-KJV Holy Bible,BOOKS_AND_REFERENCE,50000000,6771884,4.82,Free,2.232,4.876
com.zaz.translate,Hi Translate - Chat translator,TOOLS,500000000,466046,4.38,Free,1.269,2.577
com.king.farmheroessaga,Farm Heroes Saga,GAME_CASUAL,100000000,9979054,4.65,Free,0.015,0.146
sg.bigo.live,Bigo Live - Live Streaming App,SOCIAL,500000000,5853191,4.47,Free,0.562,1.205
com.tokopedia.tkpd,Tokopedia,SHOPPING,100000000,6903722,4.45,Free,0.257,0.536
com.ea.game.pvz2_row,Plants vs Zombies™ 2,GAME_CASUAL,100000000,7488798,4.38,Free,0.004,0.008
com.yahoo.mobile.client.android.mail,Yahoo Mail – Organized Email,COMMUNICATION,100000000,7579114,4.55,Free,1.041,1.55
com.motorola.moto,Moto,PERSONALIZATION,500000000,94984,4.0,Free,0.732,1.696
com.wildberries.ru,Wildberries,SHOPPING,100000000,5530897,4.82,Free,3.536,7.899
com.nekki.shadowfight,Shadow Fight 2,GAME_ACTION,100000000,16387432,4.63,Free,0.002,0.235
com.skgames.trafficracer,Traffic Racer,GAME_RACING,100000000,6318089,4.56,Free,0.016,0.032
com.ubercab.driver,Uber - Driver: Drive & Deliver,BUSINESS,100000000,4125598,4.57,Free,1.374,2.799
com.vivo.website,vivo.com,SHOPPING,500000000,135231,4.21,Free,2.619,5.193
com.xvideostudio.videoeditor,Video Editor & Maker VideoShow,VIDEO_PLAYERS,100000000,5971366,4.54,Free,0.027,0.054
com.outfit7.talkingtom2free,Talking Tom Cat 2,ENTERTAINMENT,100000000,3405789,4.31,Free,0.088,0.253
vsin.t16_funny_photo,Photo Lab Picture Editor & Art,PHOTOGRAPHY,100000000,5619477,4.46,Free,1.789,4.188
com.badoo.mobile,Badoo Dating App: Meet & Date,DATING,100000000,6421767,4.05,Free,0.242,0.49
com.movile.playkids.pkxd,"PK XD: Fun, friends & games",GAME_ADVENTURE,100000000,5285654,4.63,Free,0.024,0.048
com.unicostudio.braintest,Brain Test: Tricky Puzzles,GAME_TRIVIA,100000000,7707897,4.7,Free,1.043,2.597
com.shopee.ph,Shopee PH: Shop this 6.6-7.7,SHOPPING,100000000,3302106,4.06,Free,0.905,2.0
br.gov.caixa.fgts.trabalhador,FGTS,FINANCE,100000000,2869008,3.45,Free,0.15,0.807
com.sec.pcw,Samsung Link (Terminated),PRODUCTIVITY,500000000,181958,3.63,Free,0.001,0.002
com.bsbportal.music,"Wynk Music: MP3, Song, Podcast",MUSIC_AND_AUDIO,100000000,5871818,4.34,Free,0.461,1.016
com.netflix.mediaclient,Netflix,ENTERTAINMENT,1000000000,14508808,4.19,Free,0.021,0.44
com.google.android.apps.tachyon,Google Meet,COMMUNICATION,5000000000,10876289,4.53,Free,0.382,0.956
com.wb.goog.mkx,Mortal Kombat,GAME_ACTION,100000000,4539640,4.2,Free,0.016,0.031
com.google.android.apps.photosgo,Gallery,PHOTOGRAPHY,500000000,340748,4.28,Free,3.028,6.544
com.dts.freefiremax,Free Fire MAX,GAME_ACTION,100000000,22658639,4.16,Free,5.449,5.85
com.tencent.ibg.joox,JOOX Music,MUSIC_AND_AUDIO,100000000,6326288,4.06,Free,0.001,0.001
com.google.android.apps.photos,Google Photos,PHOTOGRAPHY,5000000000,50020325,4.46,Free,0.24,0.557
com.pinterest,Pinterest,LIFESTYLE,1000000000,10410605,4.53,Free,0.324,0.76
com.supercell.clashofclans,Clash of Clans,GAME_STRATEGY,500000000,61114145,4.53,Free,0.063,0.126
com.samsung.android.scloud,Samsung Cloud for Wear OS,PRODUCTIVITY,1000000000,1961,4.37,Free,1.861,3.479
com.jio.media.jiobeats,JioSaavn - Music & Podcasts,MUSIC_AND_AUDIO,100000000,6022518,4.0,Free,0.722,1.464
com.mxtech.videoplayer.ad,MX Player,VIDEO_PLAYERS,1000000000,12562794,4.33,Free,0.329,0.67
com.samsung.android.uds,Ultra data saving,TOOLS,1000000000,50605,4.1,Free,1.389,2.897
com.pixel.gun3d,Pixel Gun 3D - FPS Shooter,GAME_ACTION,100000000,5780095,4.16,Free,0.001,0.001
com.microsoft.office.excel,Microsoft Excel: Spreadsheets,PRODUCTIVITY,1000000000,5771340,4.78,Free,1.854,3.882
com.google.android.apps.navlite,Navigation for Google Maps Go,TRAVEL_AND_LOCAL,500000000,366148,4.29,Free,0.176,0.452
com.google.android.googlequicksearchbox,Google,TOOLS,10000000000,26729682,4.22,Free,0.547,0.903
com.lenovo.anyshare.gps,"SHAREit: Transfer, Share Files",TOOLS,1000000000,17944446,4.27,Free,0.062,0.185
com.phonepe.app,"PhonePe UPI, Payment, Recharge",FINANCE,500000000,11154349,4.34,Free,1.001,1.892
com.microsoft.skydrive,Microsoft OneDrive,PRODUCTIVITY,1000000000,5434815,4.57,Free,1.187,2.509
com.google.android.play.games,Google Play Games,ENTERTAINMENT,5000000000,13120372,4.25,Free,0.034,0.068
com.viber.voip,Rakuten Viber Messenger,COMMUNICATION,1000000000,16707107,4.34,Free,0.009,0.152
net.wargaming.wot.blitz,World of Tanks Blitz,GAME_ACTION,100000000,4418394,4.03,Free,0.025,0.051
com.nianticlabs.pokemongo,Pokémon GO,GAME_ADVENTURE,100000000,15394917,3.98,Free,0.002,0.004
com.zhiliaoapp.musically,TikTok,SOCIAL,1000000000,62692848,0.0,Free,0.167,0.63
com.linkedin.android,LinkedIn: Jobs & Business News,BUSINESS,1000000000,2865176,4.12,Free,0.754,1.43
com.motorola.actions,Moto Actions,PERSONALIZATION,500000000,116519,3.97,Free,0.287,0.647
com.amazon.mShop.android.shopping,Amazon Shopping,SHOPPING,500000000,3800347,4.4,Free,0.983,1.914
com.outfit7.mytalkingangelafree,My Talking Angela,GAME_CASUAL,500000000,14031473,3.93,Free,0.02,0.041
com.duolingo,Duolingo: Language Lessons,EDUCATION,500000000,24508226,4.7,Free,5.823,6.376
com.google.android.apps.messaging,Google Messages,COMMUNICATION,5000000000,13135353,4.3,Free,1.573,3.609
com.moonactive.coinmaster,Coin Master,GAME_CASUAL,100000000,9575338,4.72,Free,0.204,0.629
com.samsung.android.app.notes,Samsung Notes,PRODUCTIVITY,1000000000,8292106,4.77,Free,2.32,4.982
com.mobile.legends,Mobile Legends: Bang Bang,GAME_ACTION,500000000,35379665,4.08,Free,0.349,1.24
com.amazon.avod.thirdpartyclient,Amazon Prime Video,ENTERTAINMENT,500000000,4348900,3.98,Free,1.024,2.02
com.gamma.scan,QR & Barcode Scanner,TOOLS,500000000,2631096,4.51,Free,0.832,1.869
eu.nordeus.topeleven.android,Top Eleven Be a Soccer Manager,GAME_SPORTS,100000000,6673588,4.52,Free,0.341,0.681
com.microsoft.office.onenote,Microsoft OneNote: Save Notes,PRODUCTIVITY,500000000,1255646,4.66,Free,0.747,1.84
com.lazada.android,Lazada 6.6 Super WoW,SHOPPING,100000000,26249133,4.7,Free,0.838,1.812
com.imangi.templerun2,Temple Run 2,GAME_ACTION,1000000000,10049650,4.35,Free,0.032,0.064
com.miui.calculator,Calculator,TOOLS,1000000000,356132,4.22,Free,0.158,0.315
com.samsung.android.voc,Samsung Members,TOOLS,1000000000,1593656,4.54,Free,1.082,2.409
com.sec.android.app.shealth,Samsung Health,HEALTH_AND_FITNESS,1000000000,1495135,3.66,Free,0.156,0.362
com.snapchat.android,Snapchat,COMMUNICATION,1000000000,35252740,4.08,Free,1.028,2.968
com.playrix.homescapes,Homescapes,GAME_CASUAL,100000000,12577186,4.71,Free,0.111,0.386
com.heytap.pictorial,Lock Screen Magazine,TOOLS,500000000,56307,3.35,Free,5.013,11.51
jp.naver.line.android,LINE: Calls & Messages,COMMUNICATION,500000000,13911704,4.02,Free,0.101,0.202
com.motorola.ccc.notification,Motorola Notifications,PRODUCTIVITY,500000000,94025,4.03,Free,1.802,4.072
com.mercadolibre,Mercado Libre: Compras online,SHOPPING,100000000,18408038,4.59,Free,0.334,0.93
com.ansangha.drdriving,Dr. Driving,GAME_RACING,500000000,6495309,4.42,Free,0.09,0.181
com.twitter.android,X,SOCIAL,1000000000,21873157,3.76,Free,0.217,0.528
com.outfit7.mytalkingtomfree,My Talking Tom,GAME_CASUAL,1000000000,17705499,4.37,Free,0.023,0.045
com.google.ar.lens,Google Lens,TOOLS,1000000000,2284031,4.63,Free,1.219,2.623
com.samsung.android.lool,Device Care,TOOLS,1000000000,562068,4.03,Free,0.668,1.559
com.zzkko,SHEIN-Shopping Online,SHOPPING,500000000,6265242,4.34,Free,0.23,0.549
com.google.android.projection.gearhead,Android Auto,AUTO_AND_VEHICLES,5000000000,4371966,4.17,Free,1.504,3.122
com.psafe.msuite,dfndr security: antivirus,TOOLS,100000000,6068739,4.35,Free,0.007,0.014
com.transsion.carlcare,Carlcare,PRODUCTIVITY,500000000,201807,4.44,Free,1.577,3.507
com.google.android.apps.searchlite,Google Go,TOOLS,1000000000,1379025,4.35,Free,1.525,3.278
com.tencent.ig,PUBG MOBILE,GAME_ACTION,500000000,45476891,4.27,Free,0.126,0.252
com.pure.indosat.care,myIM3: Data Plan & Buy Package,TOOLS,50000000,9215675,4.33,Free,0.415,0.969
com.samsung.memorysaver,Storage Saver,TOOLS,500000000,43157,4.3,Free,0.716,1.699
com.etermax.preguntados.lite,Trivia Crack,GAME_TRIVIA,100000000,7948210,4.39,Free,0.012,0.105
com.google.android.apps.nbu.files,Files by Google,TOOLS,1000000000,7986355,4.6,Free,0.292,0.797
com.sec.android.app.voicenote,Samsung Voice Recorder,TOOLS,1000000000,252456,4.12,Free,0.571,1.274
com.lemon.lvoverseas,CapCut - Video Editor,VIDEO_PLAYERS,1000000000,9151935,4.4,Free,2.049,4.806
com.google.android.gm.lite,Gmail Go,COMMUNICATION,500000000,144764,4.37,Free,0.545,1.183
com.google.android.apps.googleassistant,Google Assistant,PRODUCTIVITY,1000000000,990920,3.71,Free,1.358,2.965
com.google.android.apps.maps,Google Maps,TRAVEL_AND_LOCAL,10000000000,17897105,3.95,Free,0.339,0.84
com.google.android.deskclock,Clock,TOOLS,1000000000,632164,4.07,Free,0.598,1.497
com.mediocre.smashhit,Smash Hit,GAME_ARCADE,100000000,4709648,4.45,Free,0.006,0.013
cn.xender,Xender - Share Music Transfer,TOOLS,500000000,3895771,4.4,Free,0.499,0.969
com.google.audio.hearing.visualization.accessibility.scribe,Live Transcribe & Notification,COMMUNICATION,1000000000,152301,3.77,Free,2.271,4.351
com.rioo.runnersubway,Subway Princess Runner,GAME_ARCADE,500000000,1675211,4.18,Free,1.297,2.786
br.com.bb.android,Banco do Brasil: abrir conta,FINANCE,50000000,6630149,4.38,Free,0.849,1.754
com.vivo.easyshare,EasyShare,TOOLS,500000000,299046,4.07,Free,2.099,4.411
com.dts.freefireth,Free Fire,GAME_ACTION,1000000000,119390593,4.14,Free,0.523,1.139
com.motorola.genie,Device Help,TOOLS,500000000,105035,3.8,Free,0.761,1.484
com.google.ar.core,Google Play Services for AR,TOOLS,1000000000,653465,3.82,Free,0.441,0.99
com.miui.videoplayer,Mi Video - Video player,ENTERTAINMENT,1000000000,952701,4.47,Free,0.926,2.143
com.google.android.apps.youtube.kids,YouTube Kids,ENTERTAINMENT,500000000,2759075,4.26,Free,0.218,1.109
com.igg.android.lordsmobile,Lords Mobile: Last Fighter,GAME_STRATEGY,500000000,8681442,4.47,Free,0.233,0.725
com.google.android.apps.mapslite,Google Maps Go,TRAVEL_AND_LOCAL,500000000,293018,4.28,Free,0.83,1.901
com.heytap.themestore,Theme,PERSONALIZATION,500000000,2086,3.44,Free,1.045,2.719
com.huawei.KoBackup,Huawei Backup,TOOLS,1000000000,182824,4.26,Free,0.074,0.27
com.rovio.baba,Angry Birds 2,GAME_CASUAL,100000000,6226598,4.21,Free,0.033,0.066
com.fgol.HungrySharkEvolution,Hungry Shark Evolution,GAME_ARCADE,500000000,7551485,4.47,Free,0.042,0.083
com.google.android.apps.magazines,Google News - Daily Headlines,NEWS_AND_MAGAZINES,1000000000,1874683,4.11,Free,0.294,0.641
com.robtopx.geometryjumplite,Geometry Dash Lite,GAME_ARCADE,100000000,7550328,4.32,Free,0.066,0.132
com.miniclip.carrom,Carrom Pool: Disc Game,GAME_SPORTS,100000000,6107917,4.54,Free,1.351,2.992
com.outfit7.mytalkingtom2,My Talking Tom 2,GAME_CASUAL,500000000,5885716,4.24,Free,0.281,1.152
com.android.chrome,Google Chrome,COMMUNICATION,10000000000,45165609,4.06,Free,0.413,1.147
com.mi.android.globalminusscreen,App Vault,TOOLS,1000000000,725326,4.35,Free,0.514,1.258
com.motorola.timeweatherwidget,Moto Widget,TOOLS,500000000,45837,4.0,Free,1.243,2.633
com.coloros.alarmclock,Clock,TOOLS,500000000,9336,4.53,Free,12.369,29.857
com.miHoYo.GenshinImpact,Genshin Impact,GAME_ADVENTURE,100000000,4660965,3.6,Free,0.139,0.709
in.amazon.mShop.android.shopping,"Amazon India Shop, Pay, miniTV",SHOPPING,500000000,9263828,4.48,Free,0.439,0.792
com.king.candycrushsaga,Candy Crush Saga,GAME_CASUAL,1000000000,37555396,4.6,Free,0.241,0.541
com.sec.android.app.launcher,Samsung One UI Home,PERSONALIZATION,1000000000,321654,3.81,Free,0.195,0.455
com.microsoft.office.word,Microsoft Word: Edit Documents,PRODUCTIVITY,1000000000,10842332,4.77,Free,1.884,4.096
com.firsttouchgames.dls7,Dream League Soccer 2024,GAME_SPORTS,100000000,10058683,4.27,Free,0.896,1.964
com.facebook.lite,Facebook Lite,SOCIAL,1000000000,26427121,3.5,Free,0.734,2.068
com.google.android.apps.youtube.music,YouTube Music,MUSIC_AND_AUDIO,1000000000,5498556,4.4,Free,0.938,1.965
com.dropbox.android,Dropbox: Secure Cloud Storage,PRODUCTIVITY,1000000000,2285757,4.39,Free,0.113,0.236
video.like,Likee - Short Video Community,SOCIAL,500000000,11632372,4.39,Free,0.0,0.001
com.miniclip.eightballpool,8 Ball Pool,GAME_SPORTS,1000000000,27455105,4.54,Free,0.334,0.722
com.halfbrick.fruitninjafree,Fruit Ninja®,GAME_ARCADE,500000000,5532872,4.39,Free,0.013,0.027
com.waze,Waze Navigation & Live Traffic,MAPS_AND_NAVIGATION,500000000,8706746,4.39,Free,0.074,0.141
com.imo.android.imoim,imo-International Calls & Chat,COMMUNICATION,1000000000,8488272,4.2,Free,0.371,0.788
ee.mtakso.client,Bolt: Request a Ride,MAPS_AND_NAVIGATION,100000000,6205382,4.71,Free,2.275,4.549
com.fungames.sniper3d,Sniper 3D：Gun Shooting Games,GAME_ACTION,500000000,16690204,4.52,Free,0.199,0.532
com.alibaba.aliexpresshd,AliExpress,SHOPPING,500000000,15143015,4.46,Free,0.718,1.542
com.google.android.gm,Gmail,COMMUNICATION,10000000000,13027440,4.17,Free,0.345,0.791
com.facebook.orca,Messenger,COMMUNICATION,5000000000,89131300,4.09,Free,0.223,0.565
com.coloros.scenemode,Simple mode,TOOLS,500000000,5826,3.56,Free,15.493,37.95
com.gojek.app,Gojek - Food & Transportation,TRAVEL_AND_LOCAL,100000000,5911947,4.33,Free,0.501,1.177
com.google.android.apps.walletnfcrel,Google Wallet,FINANCE,500000000,1588577,4.38,Free,1.485,1.87
com.sec.app.samsungprintservice,Samsung Print Service Plugin,PRODUCTIVITY,1000000000,473408,3.66,Free,0.031,0.14
com.youmusic.magictiles,Magic Tiles 3,GAME_MUSIC,500000000,3173809,3.92,Free,0.028,0.056
com.spotify.music,Spotify: Music and Podcasts,MUSIC_AND_AUDIO,1000000000,31102058,4.4,Free,0.788,1.076
com.imangi.templerun,Temple Run,GAME_ARCADE,500000000,5273986,4.19,Free,0.032,0.063
com.supercell.boombeach,Boom Beach,GAME_STRATEGY,100000000,6262272,4.47,Free,0.023,0.095
com.ea.games.simsfreeplay_row,The Sims™ FreePlay,GAME_SIMULATION,100000000,5790939,4.1,Free,0.07,0.178
in.mohalla.sharechat,ShareChat Trends Videos & Live,SOCIAL,500000000,3824729,4.1,Free,0.151,0.302
com.playrix.gardenscapes,Gardenscapes,GAME_CASUAL,500000000,12619874,4.72,Free,0.196,0.51
com.motorola.help,Moto Feedback,TOOLS,500000000,45726,3.76,Free,2.077,4.222
com.fingersoft.hillclimb,Hill Climb Racing,GAME_RACING,1000000000,10834882,4.47,Free,0.003,0.085
flipboard.app,Flipboard: The Social Magazine,NEWS_AND_MAGAZINES,500000000,1421694,3.63,Free,0.001,0.002
com.canva.editor,"Canva: Design, Art & AI Editor",ART_AND_DESIGN,100000000,16649347,4.8,Free,2.138,4.403
com.google.android.gms,Google Play services,TOOLS,10000000000,42942825,4.26,Free,0.202,0.475
com.samsung.android.appseparation,Separated Apps,PRODUCTIVITY,500000000,10550,3.64,Free,18.576,52.93
com.booking,Booking.com: Hotels & Travel,TRAVEL_AND_LOCAL,500000000,4001190,4.54,Free,0.343,0.807
com.google.android.contacts,Contacts,COMMUNICATION,1000000000,1399774,4.33,Free,1.228,2.716
com.miui.player,Mi Music,MUSIC_AND_AUDIO,1000000000,2512767,3.79,Free,0.285,0.815
com.firsttouchgames.story,Score! Hero,GAME_SPORTS,100000000,7187391,4.33,Free,0.274,0.686
com.google.android.apps.nbu.paisa.user,Google Pay: Save and Pay,FINANCE,1000000000,10298409,4.03,Free,0.325,0.697
com.wildspike.wormszone,Worms Zone .io - Hungry Snake,GAME_ACTION,500000000,2992683,4.21,Free,0.157,0.566
com.google.android.apps.translate,Google Translate,TOOLS,1000000000,8876135,4.18,Free,0.11,0.286
com.google.android.apps.restore,Data Restore Tool,TOOLS,5000000000,732771,4.09,Free,2.519,5.622
com.coloros.weather.service,WeatherService,WEATHER,500000000,19567,4.11,Free,25.203,50.19
com.ril.ajio,AJIO Online Shopping App,SHOPPING,100000000,4793796,4.27,Free,1.267,2.532
com.picsart.studio,Picsart: AI Photo Video Editor,PHOTOGRAPHY,1000000000,12032446,4.04,Free,0.031,0.216
com.flipkart.shopsy,Shopsy Shopping App - Flipkart,SHOPPING,100000000,10750066,4.31,Free,1.974,4.109
com.google.android.videos,Google TV,VIDEO_PLAYERS,5000000000,2516505,3.91,Free,0.383,0.915
com.truecaller,Truecaller: Identify Caller ID,COMMUNICATION,1000000000,21372028,4.43,Free,1.274,2.579
com.grabtaxi.passenger,Grab - Taxi & Food Delivery,TRAVEL_AND_LOCAL,100000000,13254836,4.82,Free,1.1,2.448
cn.wps.moffice_eng,"WPS Office-PDF,Word,Sheet,PPT",PRODUCTIVITY,500000000,5086571,4.57,Free,0.8,1.592
com.transsion.magicshow,Visha-Video Player All Formats,VIDEO_PLAYERS,500000000,1074948,4.43,Free,6.754,14.709
com.innersloth.spacemafia,Among Us,GAME_ACTION,500000000,13347645,3.84,Free,0.003,0.007
com.mi.android.globalFileexplorer,File Manager,TOOLS,1000000000,4131341,4.64,Free,0.266,0.67
com.playit.videoplayer,PLAYit-All in One Video Player,VIDEO_PLAYERS,100000000,5831539,4.45,Free,0.853,1.739
com.supercell.clashroyale,Clash Royale,GAME_STRATEGY,500000000,37462916,4.21,Free,0.153,0.306
com.instagram.android,Instagram,SOCIAL,5000000000,153579547,4.03,Free,0.366,0.831
com.miui.cleaner,Cleaner,TOOLS,1000000000,112140,4.53,Free,3.39,8.44
com.outfit7.mytalkingtomfriends,My Talking Tom Friends,GAME_CASUAL,500000000,3615393,4.24,Free,0.101,0.819
com.sec.android.app.clockpackage,Clock,TOOLS,1000000000,270288,4.08,Free,1.555,3.389
com.gameloft.android.ANMP.GloftA8HM,Asphalt 8 - Car Racing Game,GAME_RACING,100000000,11258273,4.52,Free,0.213,0.511
com.google.android.apps.podcasts,Google Podcasts,MUSIC_AND_AUDIO,500000000,751154,4.36,Free,0.155,0.415
com.kiloo.subwaysurf,Subway Surfers,GAME_ARCADE,1000000000,41276792,4.58,Free,0.092,0.184
br.com.brainweb.ifood,iFood comida e mercado em casa,FOOD_AND_DRINK,100000000,13233699,4.63,Free,0.056,0.181
com.shazam.android,Shazam: Find Music & Concerts,MUSIC_AND_AUDIO,500000000,10084619,4.82,Free,0.886,1.92
net.mobigame.zombietsunami,Zombie Tsunami,GAME_ARCADE,500000000,6164787,4.41,Free,0.001,0.001
com.sec.android.app.sbrowser,Samsung Internet Browser,COMMUNICATION,1000000000,5759714,3.73,Free,0.089,0.257
com.google.earth,Google Earth,TRAVEL_AND_LOCAL,500000000,2953087,4.19,Free,0.009,0.095
us.zoom.videomeetings,Zoom Workplace,BUSINESS,1000000000,4268574,4.12,Free,0.203,0.56
com.google.android.apps.subscriptions.red,Google One,PRODUCTIVITY,1000000000,596952,4.23,Free,1.654,3.489
com.flipkart.android,Flipkart Online Shopping App,SHOPPING,500000000,53882533,4.31,Free,1.456,2.985
com.sec.spp.push,Samsung Push Service,COMMUNICATION,5000000000,1498676,3.81,Free,0.257,0.695
com.ea.game.pvzfree_row,Plants vs. Zombies™,GAME_STRATEGY,500000000,5697631,4.18,Free,0.157,0.293
com.miui.weather2,Weather - By Xiaomi,WEATHER,1000000000,1187113,4.13,Free,0.33,0.782
com.hicloud.android.clone,Phone Clone,TOOLS,500000000,134381,3.85,Free,0.162,0.498
com.google.android.apps.books,Google Play Books & Audiobooks,BOOKS_AND_REFERENCE,1000000000,2560600,4.65,Free,0.865,1.878
com.tencent.mm,WeChat,COMMUNICATION,100000000,6206754,3.07,Free,0.033,0.087
com.transsion.filemanagerx,File Manager,TOOLS,500000000,136166,4.23,Free,2.052,4.221
com.google.android.calculator,Calculator,TOOLS,1000000000,628891,4.4,Free,0.653,1.574
com.microsoft.office.officehubrow,Microsoft 365 (Office),PRODUCTIVITY,1000000000,5181596,4.71,Free,3.925,8.249
com.avast.android.mobilesecurity,Avast Antivirus & Security,TOOLS,100000000,7234825,4.66,Free,0.106,0.22
com.google.android.keep,Google Keep - Notes and Lists,PRODUCTIVITY,1000000000,1581717,4.14,Free,0.383,0.861
com.zhiliaoapp.musically.go,TikTok Lite - Save Data,SOCIAL,1000000000,7624230,4.5,Free,1.9,3.907
com.supercell.brawlstars,Brawl Stars,GAME_ACTION,100000000,23138939,4.29,Free,0.641,1.364
com.ismaker.android.simsimi,SimSimi,ENTERTAINMENT,100000000,4182342,4.25,Free,0.021,0.042
com.amanotes.beathopper,Tiles Hop: EDM Rush,GAME_MUSIC,500000000,3296206,4.21,Free,0.233,0.389
com.antivirus,AVG AntiVirus & Security,TOOLS,100000000,7848691,4.72,Free,0.108,0.224
com.supercell.hayday,Hay Day,GAME_CASUAL,100000000,13079220,4.34,Free,0.012,0.024
ru.yandex.taxi,Yandex Go — taxi and delivery,MAPS_AND_NAVIGATION,100000000,10664099,4.79,Free,1.901,4.174
com.google.android.apps.wellbeing,Digital Wellbeing,TOOLS,5000000000,1017888,3.76,Free,1.339,2.841
com.samsung.android.app.watchmanager,Galaxy Wearable (Samsung Gear),TOOLS,500000000,1714391,3.83,Free,0.145,0.394
com.google.android.inputmethod.latin,Gboard - the Google Keyboard,TOOLS,5000000000,14646420,4.5,Free,0.843,1.91
com.sec.android.app.music,Samsung Music,MUSIC_AND_AUDIO,1000000000,776733,3.83,Free,0.125,0.35
org.iggymedia.periodtracker,Flo Period & Pregnancy Tracker,HEALTH_AND_FITNESS,100000000,3540259,4.65,Free,2.255,4.51
com.camerasideas.instashot,Video Editor & Maker - InShot,PHOTOGRAPHY,500000000,20468679,4.82,Free,0.96,1.993
com.google.android.calendar,Google Calendar,PRODUCTIVITY,5000000000,2871583,4.52,Free,1.224,3.362
com.motorola.fmplayer,FM Radio,MUSIC_AND_AUDIO,500000000,115742,3.79,Free,0.34,0.845
com.policydm,Samsung Security Policy Update,PRODUCTIVITY,1000000000,345506,4.02,Free,0.057,0.205
com.microsoft.appmanager,Link to Windows,PRODUCTIVITY,1000000000,851952,3.96,Free,1.242,2.597
com.dsi.ant.service.socket,ANT Radio Service,COMMUNICATION,1000000000,382687,3.41,Free,0.179,0.38
com.google.android.apps.assistant,Google Assistant Go,TOOLS,1000000000,417233,4.28,Free,0.637,1.428
com.xiaomi.midrop,ShareMe: File sharing,TOOLS,1000000000,2088295,4.52,Free,0.701,1.485
air.com.hypah.io.slither,slither.io,GAME_ACTION,500000000,6657568,3.94,Free,0.001,0.001
com.ss.android.ugc.trill,TikTok,VIDEO_PLAYERS,500000000,19423106,4.37,Free,0.823,1.695
com.quvideo.xiaoying,VivaVideo - Video Editor&Maker,VIDEO_PLAYERS,500000000,12700825,4.42,Free,0.0,0.0
com.vkontakte.android,"VK: music, video, messenger",SOCIAL,100000000,9052208,3.8,Free,0.268,0.58
com.heytap.music,Music,MUSIC_AND_AUDIO,500000000,62756,3.15,Free,6.884,17.516
com.jio.myjio,MyJio: For Everything Jio,PRODUCTIVITY,500000000,25774253,4.3,Free,0.264,0.57
com.gallery20,AI Gallery,PHOTOGRAPHY,500000000,226746,3.93,Free,1.94,3.969
com.google.android.dialer,Phone by Google,TOOLS,1000000000,28944359,4.43,Free,2.381,5.162
com.whatsapp,WhatsApp Messenger,COMMUNICATION,5000000000,193303063,4.29,Free,2.024,2.659
com.google.android.youtube,YouTube,VIDEO_PLAYERS,10000000000,155558994,4.11,Free,0.095,0.374
com.whatsapp.w4b,WhatsApp Business,COMMUNICATION,1000000000,13595405,4.36,Free,4.592,6.021
com.facebook.katana,Facebook,SOCIAL,5000000000,145392401,3.94,Free,1.255,4.107
com.sec.android.app.myfiles,Samsung My Files,TOOLS,1000000000,439803,4.14,Free,0.772,1.808
com.google.android.ims,Carrier Services,COMMUNICATION,5000000000,1598482,4.21,Free,0.893,1.963
org.telegram.messenger,Telegram,COMMUNICATION,1000000000,13948789,4.25,Free,0.953,2.295
flipboard.boxer.app,Briefing,NEWS_AND_MAGAZINES,1000000000,739240,3.17,Free,0.06,0.12
com.xiaomi.calendar,Mi Calendar,PRODUCTIVITY,500000000,139437,4.12,Free,1.686,3.665
com.gau.go.launcherex,GO Launcher -Themes&Wallpapers,PERSONALIZATION,100000000,7529616,4.5,Free,8.856,17.711
com.rubygames.assassin,Hunter Assassin,GAME_ACTION,500000000,3594231,4.26,Free,1.143,2.592
com.linecorp.b612.android,B612 AI Photo&Video Editor,PHOTOGRAPHY,500000000,7443105,4.26,Free,0.002,0.004
com.sec.android.easyMover,Samsung Smart Switch Mobile,TOOLS,500000000,393469,3.94,Free,1.001,2.15
com.google.android.apps.docs.editors.docs,Google Docs,PRODUCTIVITY,1000000000,1810180,4.1,Free,0.092,0.184
com.kwai.video,Kwai - download & share video,VIDEO_PLAYERS,500000000,10386151,4.5,Free,0.02,0.039
com.google.android.apps.wallpaper,Wallpapers,PERSONALIZATION,500000000,251768,4.01,Free,0.465,1.103
com.ludo.king,Ludo King™,GAME_BOARD,1000000000,9801620,4.03,Free,0.27,0.583
com.touchtype.swiftkey,Microsoft SwiftKey AI Keyboard,PERSONALIZATION,1000000000,4145027,4.27,Free,0.495,0.855
com.myairtelapp,Airtel Thanks – Recharge & UPI,FINANCE,100000000,7328083,4.17,Free,0.464,0.963
com.google.android.apps.docs.editors.slides,Google Slides,PRODUCTIVITY,1000000000,605843,4.03,Free,0.035,0.071
com.telkomsel.telkomselcm,MyTelkomsel - Buy Package,TOOLS,100000000,10566129,3.99,Free,0.665,1.306
com.ea.gp.fifamobile,EA SPORTS FC™ Mobile Soccer,GAME_SPORTS,500000000,15530968,4.22,Free,0.66,1.552
io.faceapp,FaceApp: Perfect Face Editor,PHOTOGRAPHY,500000000,5088576,4.37,Free,0.282,0.564
com.google.android.marvin.talkback,Android Accessibility Suite,TOOLS,10000000000,3765845,4.04,Free,0.518,1.15
com.google.android.apps.meetings,Google Meet (original),BUSINESS,500000000,2203120,4.05,Free,0.0,0.0
com.roblox.client,Roblox,GAME_ADVENTURE,500000000,38843419,4.44,Free,0.599,1.197
com.google.android.apps.docs.editors.sheets,Google Sheets,PRODUCTIVITY,1000000000,1133703,4.03,Free,0.232,0.523
com.google.android.webview,Android System WebView,TOOLS,10000000000,8766708,4.01,Free,0.204,0.482
com.microsoft.office.powerpoint,Microsoft PowerPoint,PRODUCTIVITY,1000000000,2903102,4.74,Free,1.505,3.238
jp.konami.pesam,eFootball™ 2024,GAME_SPORTS,100000000,13625201,2.3,Free,0.91,1.821
com.hp.android.printservice,HP Print Service Plugin,PRODUCTIVITY,500000000,3009470,4.15,Free,0.02,0.04
com.opera.mini.native,Opera Mini: Fast Web Browser,COMMUNICATION,500000000,9157755,4.49,Free,0.644,1.401
com.ubercab,Uber - Request a ride,MAPS_AND_NAVIGATION,500000000,13696572,4.62,Free,0.876,1.784
com.meesho.supply,Meesho: Online Shopping App,SHOPPING,500000000,4123870,4.16,Free,1.319,2.689
com.google.android.tts,Speech Recognition & Synthesis,TOOLS,10000000000,3771136,4.03,Free,0.387,0.91
com.sec.android.app.popupcalculator,Samsung Calculator,TOOLS,1000000000,829724,4.5,Free,0.782,1.659
id.dana,DANA Indonesia Digital Wallet,FINANCE,100000000,6240034,3.95,Free,3.28,6.56
com.igg.castleclash,Castle Clash: World Ruler,GAME_STRATEGY,100000000,5116454,4.09,Free,0.007,0.014
com.samsung.android.email.provider,Samsung Email,PRODUCTIVITY,1000000000,2397541,4.43,Free,0.292,0.595
com.adobe.reader,Adobe Acrobat Reader: Edit PDF,PRODUCTIVITY,500000000,6417438,4.6,Free,1.258,2.167
com.google.android.apps.docs,Google Drive,PRODUCTIVITY,10000000000,10162623,4.34,Free,0.168,0.423
com.microsoft.office.outlook,Microsoft Outlook,PRODUCTIVITY,1000000000,9492943,4.52,Free,0.533,1.141
com.dsi.ant.plugins.antplus,ANT+ Plugins Service,TOOLS,1000000000,347448,3.52,Free,0.19,0.404
com.application.zomato,Zomato: Food Delivery & Dining,FOOD_AND_DRINK,100000000,9449900,4.5,Free,1.074,2.198
com.UCMobile.intl,"UC Browser-Safe, Fast, Private",COMMUNICATION,1000000000,22248876,4.2,Free,0.022,0.057
